id,campusName,academicFieldName,season,subjectName,dayOfWeekPeriod,locationName,lessonModeName,timetableYear,faculties,entryNumber,syllabusDetailUrl
3,日吉,総合教育科目Ⅱ類（人文・社会科学系科目）講義科目,秋,論理学Ⅱ,火5,高橋 優太,オンライン授業（全回オンデマンド形式）,2023,"['商/商', '経/経済', '文/人文', '法/政治', '法/法律', '理']",1587,detail?ttblyr=2023&entno=01587&lang=jp
4,日吉,総合教育科目Ⅱ類（人文・社会科学系科目）講義科目,秋,国語国文Ⅱ,水3,津田 眞弓,対面授業（主として対面授業）,2023,"['商/商', '経/経済', '文/人文', '法/法律', '法/政治']",11640,detail?ttblyr=2023&entno=11640&lang=jp
6,日吉,総合教育科目Ⅱ類（人文・社会科学系科目）講義科目,春,言語学Ⅲ,火5,古賀 裕章,対面授業（主として対面授業）,2023,"['商/商', '経/経済', '文/人文', '法/政治', '法/法律']",30341,detail?ttblyr=2023&entno=30341&lang=jp
9,日吉,総合教育科目選択必修（Ⅲ系）Ⅲ系　総合・関連系,秋,芸術文化論Ⅱ,月3,津田 眞弓 他,対面授業（主として対面授業）,2023,"['経/経済', '商/商', '文/人文', '法/政治', '法/法律']",34916,detail?ttblyr=2023&entno=34916&lang=jp
12,日吉,人文科学科目選択,秋,人文科学特論Ⅱ,火4,大野 真澄,対面授業（主として対面授業）,2023,"['法/政治', '法/法律']",95368,detail?ttblyr=2023&entno=95368&lang=jp
16,日吉,総合教育科目選択必修（Ⅱ系）Ⅱ系　人文・社会系,秋,文学Ⅱ,月4,上杉 誠 他,対面授業（主として対面授業）,2023,"['経/経済', '商/商', '文/人文', '法/法律', '法/政治', '理']",20880,detail?ttblyr=2023&entno=20880&lang=jp
18,日吉,総合教育科目Ⅱ類（人文・社会科学系科目）講義科目,春,言語学Ⅰ,火5,タンクレディ， クリストファー Ｄ．,対面授業（主として対面授業）,2023,"['商/商', '経/経済', '文/人文', '法/政治', '法/法律']",89199,detail?ttblyr=2023&entno=89199&lang=jp
21,日吉,人文科学科目選択,春,地域文化論Ⅲ（イギリス）,水4,横山 千晶,対面授業（主として対面授業）,2023,"['法/法律', '法/政治']",30710,detail?ttblyr=2023&entno=30710&lang=jp
48,日吉,人文科学科目選択,秋,人であることⅡ,月5,西 研,対面授業（主として対面授業）,2023,"['法/法律', '法/政治']",40430,detail?ttblyr=2023&entno=40430&lang=jp
26,日吉,総合教育科目選択必修（Ⅱ系）Ⅱ系　人文・社会系,春,音楽Ⅰ,金5,安川 智子,対面授業（主として対面授業）,2023,"['経/経済', '商/商', '文/人文', '法/法律', '法/政治', '理']",53753,detail?ttblyr=2023&entno=53753&lang=jp
27,日吉,総合教育科目Ⅱ類（人文・社会科学系科目）講義科目,春,美術Ⅰ,火2,國本 学史,対面授業（主として対面授業）,2023,"['商/商', '経/経済', '文/人文', '法/法律', '法/政治', '理']",2507,detail?ttblyr=2023&entno=02507&lang=jp
29,日吉,総合教育科目Ⅱ類（人文・社会科学系科目）講義科目,秋,文学Ⅱ,水3,石川 学,対面授業（主として対面授業）,2023,"['商/商', '経/経済', '文/人文', '法/政治', '法/法律', '理']",85820,detail?ttblyr=2023&entno=85820&lang=jp
36,日吉,人文科学科目選択,秋,地域文化論Ⅳ（東アジア・中国）,木5,安田 淳,対面授業（主として対面授業）,2023,"['法/政治', '法/法律']",63473,detail?ttblyr=2023&entno=63473&lang=jp
37,日吉,総合教育科目Ⅱ類（人文・社会科学系科目）講義科目,秋,倫理学Ⅱ,水5,長門 裕介,オンライン授業（全回オンデマンド形式）,2023,"['商/商', '経/経済', '文/人文', '法/政治', '法/法律', '理']",227,detail?ttblyr=2023&entno=00227&lang=jp
39,日吉,総合教育科目Ⅱ類（人文・社会科学系科目）講義科目,春,音楽Ⅰ,火4,井上 智,対面授業（主として対面授業）,2023,"['商/商', '経/経済', '文/人文', '法/政治', '法/法律', '理']",89715,detail?ttblyr=2023&entno=89715&lang=jp
41,日吉,総合教育科目Ⅱ類（人文・社会科学系科目）講義科目,秋,歴史Ⅱ,木2,岩波 敦子,対面授業（主として対面授業）,2023,"['商/商', '経/経済', '文/人文', '法/法律', '法/政治', '理']",23707,detail?ttblyr=2023&entno=23707&lang=jp
45,日吉,人文科学科目選択,秋,地域文化論Ⅱ（ラテンアメリカ）,金3,工藤 由美,対面授業（主として対面授業）,2023,"['法/法律', '法/政治']",35068,detail?ttblyr=2023&entno=35068&lang=jp
46,日吉,人文科学科目選択,秋,人文科学特論Ⅱ,木4,常山 菜穂子,対面授業（主として対面授業）,2023,"['法/法律', '法/政治']",59622,detail?ttblyr=2023&entno=59622&lang=jp
47,日吉,総合教育科目Ⅱ類（人文・社会科学系科目）講義科目,春,歴史Ⅰ,火3,久保田 裕次,対面授業（主として対面授業）,2023,"['商/商', '経/経済', '文/人文', '法/政治', '法/法律', '理']",28656,detail?ttblyr=2023&entno=28656&lang=jp
148,日吉,人文科学科目選択,春,人文科学特論Ⅰ,火4,大野 真澄,対面授業（主として対面授業）,2023,"['法/法律', '法/政治']",95391,detail?ttblyr=2023&entno=95391&lang=jp
49,日吉,総合教育科目選択必修（Ⅱ系）Ⅱ系　人文・社会系,春,倫理学Ⅰ,土2,久野 真隆,対面授業（主として対面授業）,2023,"['経/経済', '商/商', '文/人文', '法/法律', '法/政治', '理']",52355,detail?ttblyr=2023&entno=52355&lang=jp
52,日吉,総合教育科目選択必修（Ⅱ系）Ⅱ系　人文・社会系,春,文学Ⅰ,金3,迫 桂,対面授業（主として対面授業）,2023,"['経/経済', '商/商', '文/人文', '法/政治', '法/法律', '理']",95061,detail?ttblyr=2023&entno=95061&lang=jp
53,日吉,総合教育科目選択必修（Ⅱ系）Ⅱ系　人文・社会系,春,歴史Ⅰ,水3,片山 杜秀,対面授業（主として対面授業）,2023,"['経/経済', '文/人文', '法/法律', '法/政治']",28681,detail?ttblyr=2023&entno=28681&lang=jp
62,日吉,総合教育科目Ⅱ類（人文・社会科学系科目）講義科目,秋,文学Ⅱ,木3,石川 大智,対面授業（主として対面授業）,2023,"['商/商', '経/経済', '文/人文', '法/政治', '法/法律', '理']",44693,detail?ttblyr=2023&entno=44693&lang=jp
67,日吉,人文科学科目選択,秋,社会における性Ⅱ,水5,大坪 真利子,対面授業（主として対面授業）,2023,"['法/政治', '法/法律']",40497,detail?ttblyr=2023&entno=40497&lang=jp
68,日吉,総合教育科目選択必修（Ⅱ系）Ⅱ系　人文・社会系,春,文学Ⅰ,金4,若澤 佑典,対面授業（主として対面授業）,2023,"['経/経済', '商/商', '文/人文', '法/政治', '法/法律', '理']",13881,detail?ttblyr=2023&entno=13881&lang=jp
69,日吉,総合教育科目Ⅱ類（人文・社会科学系科目）講義科目,秋,美術Ⅱ,木4,白原 由起子,対面授業（主として対面授業）,2023,"['商/商', '経/経済', '文/人文', '法/法律', '法/政治', '理']",71755,detail?ttblyr=2023&entno=71755&lang=jp
73,日吉,総合教育科目Ⅱ類（人文・社会科学系科目）講義科目,春,論理学Ⅰ,木4,佐々木 昭則,対面授業（主として対面授業）,2023,"['商/商', '経/経済', '文/人文', '法/法律', '法/政治', '理']",51454,detail?ttblyr=2023&entno=51454&lang=jp
75,日吉,総合教育科目選択必修（Ⅱ系）Ⅱ系　人文・社会系,秋,哲学Ⅱ,金5,鈴木 康則,対面授業（主として対面授業）,2023,"['経/経済', '商/商', '文/人文', '法/政治', '法/法律', '理']",52389,detail?ttblyr=2023&entno=52389&lang=jp
79,日吉,人文科学科目選択,春,地域文化論Ⅲ（東アジア・朝鮮半島）,金1,小針 進,対面授業（主として対面授業）,2023,"['法/政治', '法/法律']",191,detail?ttblyr=2023&entno=00191&lang=jp
83,日吉,人文科学科目選択,秋,地域文化論Ⅱ（イギリス）,水3,星野 真志,対面授業（主として対面授業）,2023,"['法/法律', '法/政治']",2951,detail?ttblyr=2023&entno=02951&lang=jp
86,日吉,総合教育科目Ⅱ類（人文・社会科学系科目）講義科目,秋,文学Ⅱ,木3,竹内 美佳子,対面授業（主として対面授業）,2023,"['商/商', '経/経済', '文/人文', '法/政治', '法/法律', '理']",39298,detail?ttblyr=2023&entno=39298&lang=jp
87,日吉,総合教育科目Ⅱ類（人文・社会科学系科目）講義科目,春,文学Ⅰ,水3,星野 真志,対面授業（主として対面授業）,2023,"['商/商', '経/経済', '文/人文', '法/政治', '法/法律', '理']",76852,detail?ttblyr=2023&entno=76852&lang=jp
93,日吉,人文科学科目選択,春,地域文化論Ⅲ（ロシア）,月3,井上 徹,対面授業（主として対面授業）,2023,"['法/法律', '法/政治']",3774,detail?ttblyr=2023&entno=03774&lang=jp
100,日吉,総合教育科目Ⅱ類（人文・社会科学系科目）講義科目,春,音楽Ⅰ,水4,木内 麻理子,対面授業（主として対面授業）,2023,"['商/商', '経/経済', '文/人文', '法/法律', '法/政治', '理']",38158,detail?ttblyr=2023&entno=38158&lang=jp
102,日吉,総合教育科目選択必修（Ⅱ系）Ⅱ系　人文・社会系,春,歴史Ⅰ,月2,新井 和広,対面授業（主として対面授業）,2023,"['経/経済', '商/商', '文/人文', '法/政治', '法/法律', '理']",375,detail?ttblyr=2023&entno=00375&lang=jp
106,日吉,人文科学科目選択,秋,地域文化論Ⅳ（アメリカ）,木3,有光 道生,対面授業（主として対面授業）,2023,"['法/法律', '法/政治']",31826,detail?ttblyr=2023&entno=31826&lang=jp
108,日吉,総合教育科目Ⅱ類（人文・社会科学系科目）講義科目,春,歴史Ⅰ,木2,岩波 敦子,対面授業（主として対面授業）,2023,"['商/商', '経/経済', '文/人文', '法/法律', '法/政治', '理']",28785,detail?ttblyr=2023&entno=28785&lang=jp
109,日吉,総合教育科目選択必修（Ⅱ系）Ⅱ系　人文・社会系,秋,歴史Ⅱ,月3,新井 和広,対面授業（主として対面授業）,2023,"['経/経済', '商/商', '文/人文', '法/法律', '法/政治', '理']",14162,detail?ttblyr=2023&entno=14162&lang=jp
110,日吉,総合教育科目選択必修（Ⅱ系）Ⅱ系　人文・社会系,秋,歴史Ⅱ,金5,的場 匠平,オンライン授業（全回オンデマンド形式）,2023,"['経/経済', '商/商', '文/人文', '法/法律', '法/政治', '理']",27679,detail?ttblyr=2023&entno=27679&lang=jp
112,日吉,人文科学科目選択,春,地域文化論Ⅰ（アラブ世界）,木4,大隼 エヴァ,対面授業（主として対面授業）,2023,"['法/法律', '法/政治']",40210,detail?ttblyr=2023&entno=40210&lang=jp
118,日吉,総合教育科目Ⅱ類（人文・社会科学系科目）講義科目,春,論理学Ⅰ,火3,高橋 優太,オンライン授業（全回オンデマンド形式）,2023,"['商/商', '経/経済', '文/人文', '法/政治', '法/法律', '理']",52852,detail?ttblyr=2023&entno=52852&lang=jp
120,日吉,総合教育科目Ⅱ類（人文・社会科学系科目）講義科目,秋,歴史Ⅱ,木4,岩崎 賢,対面授業（主として対面授業）,2023,"['商/商', '経/経済', '文/人文', '法/法律', '法/政治', '理']",49682,detail?ttblyr=2023&entno=49682&lang=jp
121,日吉,総合教育科目選択必修（Ⅱ系）Ⅱ系　人文・社会系,秋,美術Ⅱ,月3,小池 智子,対面授業（主として対面授業）,2023,"['経/経済', '商/商', '文/人文', '法/法律', '法/政治', '理']",59421,detail?ttblyr=2023&entno=59421&lang=jp
123,日吉,総合教育科目Ⅱ類（人文・社会科学系科目）講義科目,春,音楽Ⅰ,水5,石井 明,対面授業（主として対面授業）,2023,"['商/商', '経/経済', '文/人文', '法/法律', '法/政治', '理']",65859,detail?ttblyr=2023&entno=65859&lang=jp
126,日吉,総合教育科目選択必修（Ⅱ系）Ⅱ系　人文・社会系,秋,歴史Ⅱ,木2,片山 杜秀,対面授業（主として対面授業）,2023,"['経/経済', '文/人文', '法/法律', '法/政治']",13073,detail?ttblyr=2023&entno=13073&lang=jp
128,日吉,総合教育科目選択必修（Ⅱ系）Ⅱ系　人文・社会系,秋,倫理学Ⅱ,金4,西川 耕平,対面授業（主として対面授業）,2023,"['経/経済', '商/商', '文/人文', '法/法律', '法/政治', '理']",208,detail?ttblyr=2023&entno=00208&lang=jp
129,日吉,人文科学科目選択,春,地域文化論Ⅲ（イベリア半島）,木2,内藤 理佳,対面授業（主として対面授業）,2023,"['法/法律', '法/政治']",34552,detail?ttblyr=2023&entno=34552&lang=jp
133,日吉,総合教育科目Ⅱ類（人文・社会科学系科目）講義科目,春,歴史Ⅰ,火4,安藤 広道,対面授業（主として対面授業）,2023,"['商/商', '経/経済', '文/人文', '法/法律', '法/政治', '理']",52302,detail?ttblyr=2023&entno=52302&lang=jp
135,日吉,人文科学科目選択,秋,人文科学特論Ⅱ,木3,片山 杜秀,対面授業（主として対面授業）,2023,"['法/政治', '法/法律']",25864,detail?ttblyr=2023&entno=25864&lang=jp
138,日吉,総合教育科目Ⅱ類（人文・社会科学系科目）講義科目,秋,歴史Ⅱ,火3,渡辺 丈彦,対面授業（主として対面授業）,2023,"['商/商', '経/経済', '文/人文', '法/法律', '法/政治', '理']",61629,detail?ttblyr=2023&entno=61629&lang=jp
144,日吉,人文科学科目選択,春,地域文化論Ⅰ（ドイツ）,木3,三瓶 愼一,対面授業（主として対面授業）,2023,"['法/法律', '法/政治']",16973,detail?ttblyr=2023&entno=16973&lang=jp
149,日吉,総合教育科目Ⅱ類（人文・社会科学系科目）講義科目,秋,哲学Ⅱ,火3,鈴木 大地,対面授業（主として対面授業）,2023,"['商/商', '経/経済', '文/人文', '法/法律', '法/政治', '理']",18120,detail?ttblyr=2023&entno=18120&lang=jp
156,日吉,総合教育科目Ⅱ類（人文・社会科学系科目）講義科目,秋,音楽Ⅱ,水4,木内 麻理子,対面授業（主として対面授業）,2023,"['商/商', '経/経済', '文/人文', '法/法律', '法/政治', '理']",30409,detail?ttblyr=2023&entno=30409&lang=jp
158,日吉,総合教育科目選択必修（Ⅱ系）Ⅱ系　人文・社会系,春,歴史Ⅰ,月2,工藤 裕子,対面授業（主として対面授業）,2023,"['経/経済', '商/商', '文/人文', '法/政治', '法/法律', '理']",10203,detail?ttblyr=2023&entno=10203&lang=jp
163,日吉,総合教育科目Ⅱ類（人文・社会科学系科目）講義科目,秋,歴史Ⅱ,水2,石川 博樹,対面授業（主として対面授業）,2023,"['商/商', '経/経済', '文/人文', '法/政治', '法/法律', '理']",25327,detail?ttblyr=2023&entno=25327&lang=jp
164,日吉,総合教育科目Ⅱ類（人文・社会科学系科目）講義科目,秋,論理学Ⅱ,水3,弓削 隆一,対面授業（主として対面授業）,2023,"['商/商', '経/経済', '文/人文', '法/法律', '法/政治', '理']",31261,detail?ttblyr=2023&entno=31261&lang=jp
248,日吉,人文科学科目選択,秋,人文科学特論Ⅱ,火5,許 光俊,対面授業（主として対面授業）,2023,"['法/法律', '法/政治']",27431,detail?ttblyr=2023&entno=27431&lang=jp
174,日吉,総合教育科目Ⅱ類（人文・社会科学系科目）講義科目,春,国語国文Ⅰ,水3,津田 眞弓,対面授業（主として対面授業）,2023,"['商/商', '経/経済', '文/人文', '法/法律', '法/政治']",10074,detail?ttblyr=2023&entno=10074&lang=jp
179,日吉,人文科学科目選択,秋,地域文化論Ⅱ（ロシア）,水2,熊野谷 葉子,対面授業（主として対面授業）,2023,"['法/法律', '法/政治']",19327,detail?ttblyr=2023&entno=19327&lang=jp
184,日吉,総合教育科目選択必修（Ⅱ系）Ⅱ系　人文・社会系,春,美術Ⅰ,金3,内藤 正人,対面授業（主として対面授業）,2023,"['経/経済', '商/商', '文/人文', '法/法律', '法/政治', '理']",59364,detail?ttblyr=2023&entno=59364&lang=jp
188,日吉,人文科学科目選択,秋,人文科学特論Ⅱ,火3,大出 敦,対面授業（主として対面授業）,2023,"['法/政治', '法/法律']",41709,detail?ttblyr=2023&entno=41709&lang=jp
191,日吉,総合教育科目Ⅱ類（人文・社会科学系科目）講義科目,秋,文学Ⅱ,金2,高際 裕哉,対面授業（主として対面授業）,2023,"['商/商', '経/経済', '文/人文', '法/政治', '法/法律', '理']",29026,detail?ttblyr=2023&entno=29026&lang=jp
196,日吉,人文科学科目選択,秋,地域文化論Ⅱ（アメリカ）,木4,鈴木 透,対面授業（主として対面授業）,2023,"['法/法律', '法/政治']",2784,detail?ttblyr=2023&entno=02784&lang=jp
197,日吉,総合教育科目Ⅱ類（人文・社会科学系科目）講義科目,秋,美術Ⅱ,木4,荒木 文果,対面授業（主として対面授業）,2023,"['商/商', '経/経済', '法/法律', '文/人文', '法/政治', '理']",69395,detail?ttblyr=2023&entno=69395&lang=jp
199,日吉,人文科学科目選択,春,人文科学特論Ⅰ,水3,磯部 靖,対面授業（主として対面授業）,2023,"['法/政治', '法/法律']",99052,detail?ttblyr=2023&entno=99052&lang=jp
201,日吉,総合教育科目選択必修（Ⅱ系）Ⅱ系　人文・社会系,春,倫理学Ⅰ,金1,杉本 俊介,対面授業（主として対面授業）,2023,"['経/経済', '商/商', '文/人文', '法/政治', '法/法律', '理']",40827,detail?ttblyr=2023&entno=40827&lang=jp
204,日吉,人文科学科目選択,春,地域文化論Ⅲ（ラテンアメリカ）,金4,相原 健志,対面授業（主として対面授業）,2023,"['法/法律', '法/政治']",28201,detail?ttblyr=2023&entno=28201&lang=jp
205,日吉,人文科学科目選択,秋,地域文化論Ⅱ（フランス）,月3,綾部 麻美,対面授業（主として対面授業）,2023,"['法/法律', '法/政治']",38234,detail?ttblyr=2023&entno=38234&lang=jp
211,日吉,総合教育科目選択必修（Ⅱ系）Ⅱ系　人文・社会系,春,美術Ⅰ,土1,諸星 妙,対面授業（主として対面授業）,2023,"['経/経済', '商/商', '文/人文', '法/政治', '法/法律', '理']",2660,detail?ttblyr=2023&entno=02660&lang=jp
213,日吉,総合教育科目Ⅱ類（人文・社会科学系科目）講義科目,秋,音楽Ⅱ,水5,高松 佑介,対面授業（主として対面授業）,2023,"['商/商', '経/経済', '文/人文', '法/法律', '法/政治', '理']",53280,detail?ttblyr=2023&entno=53280&lang=jp
215,日吉,総合教育科目選択必修（Ⅱ系）Ⅱ系　人文・社会系,秋,文学Ⅱ,月4,津田 眞弓,対面授業（主として対面授業）,2023,"['経/経済', '商/商', '文/人文', '法/法律', '法/政治', '理']",83277,detail?ttblyr=2023&entno=83277&lang=jp
219,日吉,総合教育科目Ⅱ類（人文・社会科学系科目）講義科目,秋,文学Ⅱ,火5,七字 眞明,対面授業（主として対面授業）,2023,"['商/商', '経/経済', '文/人文', '法/政治', '法/法律', '理']",99215,detail?ttblyr=2023&entno=99215&lang=jp
220,日吉,総合教育科目選択必修（Ⅱ系）Ⅱ系　人文・社会系,秋,倫理学Ⅱ,金1,杉本 俊介,対面授業（主として対面授業）,2023,"['経/経済', '商/商', '文/人文', '法/法律', '法/政治', '理']",40922,detail?ttblyr=2023&entno=40922&lang=jp
221,日吉,総合教育科目選択必修（Ⅱ系）Ⅱ系　人文・社会系,秋,音楽Ⅱ,水1,福中 冬子,対面授業（主として対面授業）,2023,"['経/経済', '文/人文', '法/政治', '法/法律']",49630,detail?ttblyr=2023&entno=49630&lang=jp
222,日吉,総合教育科目選択必修（Ⅱ系）Ⅱ系　人文・社会系,春,歴史Ⅰ,木2,片山 杜秀,対面授業（主として対面授業）,2023,"['経/経済', '文/人文', '法/法律', '法/政治']",12957,detail?ttblyr=2023&entno=12957&lang=jp
223,日吉,総合教育科目選択必修（Ⅱ系）Ⅱ系　人文・社会系,春,科学史Ⅰ,土3,俵 章浩,対面授業（主として対面授業）,2023,"['経/経済', '商/商', '法/法律', '法/政治', '理']",29614,detail?ttblyr=2023&entno=29614&lang=jp
225,日吉,総合教育科目Ⅱ類（人文・社会科学系科目）講義科目,春,歴史Ⅰ,木2,鈴木 真吾,対面授業（主として対面授業）,2023,"['商/商', '経/経済', '文/人文', '法/法律', '法/政治', '理']",52412,detail?ttblyr=2023&entno=52412&lang=jp
227,日吉,人文科学科目選択,秋,人文科学特論Ⅱ,木5,星野 真志,対面授業（主として対面授業）,2023,"['法/法律', '法/政治']",14668,detail?ttblyr=2023&entno=14668&lang=jp
228,日吉,人文科学科目選択,春,人文科学特論Ⅰ,水4,大隼 エヴァ,対面授業（主として対面授業）,2023,"['法/法律', '法/政治']",3368,detail?ttblyr=2023&entno=03368&lang=jp
229,日吉,総合教育科目選択必修（Ⅱ系）Ⅱ系　人文・社会系,春,音楽Ⅰ,月1,尾高 暁子,対面授業（主として対面授業）,2023,"['経/経済', '商/商', '文/人文', '法/政治', '法/法律', '理']",38363,detail?ttblyr=2023&entno=38363&lang=jp
230,日吉,総合教育科目選択必修（Ⅱ系）Ⅱ系　人文・社会系,春,文学Ⅰ,月4,栗本 賀世子,対面授業（主として対面授業）,2023,"['経/経済', '商/商', '文/人文', '法/法律', '法/政治', '理']",51636,detail?ttblyr=2023&entno=51636&lang=jp
234,日吉,総合教育科目Ⅱ類（人文・社会科学系科目）講義科目,秋,哲学Ⅱ,火4,平井 靖史,対面授業（主として対面授業）,2023,"['商/商', '経/経済', '文/人文', '法/政治', '法/法律', '理']",61538,detail?ttblyr=2023&entno=61538&lang=jp
238,日吉,総合教育科目選択必修（Ⅱ系）Ⅱ系　人文・社会系,春,美術Ⅰ,土1,細野 喜代,対面授業（主として対面授業）,2023,"['経/経済', '商/商', '文/人文', '法/政治', '法/法律', '理']",29231,detail?ttblyr=2023&entno=29231&lang=jp
239,日吉,総合教育科目Ⅱ類（人文・社会科学系科目）講義科目,秋,哲学Ⅱ,金5,飯泉 佑介,対面授業（主として対面授業）,2023,"['商/商', '経/経済', '文/人文', '法/法律', '法/政治', '理']",23544,detail?ttblyr=2023&entno=23544&lang=jp
242,日吉,人文科学科目選択,春,人文科学特論Ⅰ,水5,古賀 裕章,対面授業（主として対面授業）,2023,"['法/法律', '法/政治']",11745,detail?ttblyr=2023&entno=11745&lang=jp
243,日吉,総合教育科目Ⅱ類（人文・社会科学系科目）講義科目,春,文学Ⅰ,水2,津田 眞弓,対面授業（主として対面授業）,2023,"['商/商', '経/経済', '文/人文', '法/法律', '法/政治', '理']",83148,detail?ttblyr=2023&entno=83148&lang=jp
244,日吉,総合教育科目Ⅱ類（人文・社会科学系科目）講義科目,春,論理学Ⅰ,木5,佐々木 昭則,対面授業（主として対面授業）,2023,"['商/商', '経/経済', '文/人文', '法/法律', '法/政治', '理']",52848,detail?ttblyr=2023&entno=52848&lang=jp
246,日吉,総合教育科目選択必修（Ⅱ系）Ⅱ系　人文・社会系,秋,歴史Ⅱ,水4,片山 杜秀,対面授業（主として対面授業）,2023,"['経/経済', '文/人文', '法/法律', '法/政治']",28823,detail?ttblyr=2023&entno=28823&lang=jp
247,日吉,総合教育科目Ⅱ類（人文・社会科学系科目）講義科目,春,歴史Ⅰ,水5,持田 洋平,対面授業（主として対面授業）,2023,"['商/商', '経/経済', '文/人文', '法/法律', '法/政治', '理']",52470,detail?ttblyr=2023&entno=52470&lang=jp
251,日吉,総合教育科目Ⅱ類（人文・社会科学系科目）講義科目,秋,哲学Ⅱ,火4,田中 泉吏,対面授業（主として対面授業）,2023,"['商/商', '経/経済', '文/人文', '法/政治', '法/法律', '理']",22328,detail?ttblyr=2023&entno=22328&lang=jp
256,日吉,人文科学科目選択,秋,地域文化論Ⅳ（イベリア半島）,木2,上野 貴彦,対面授業（主として対面授業）,2023,"['法/政治', '法/法律']",34677,detail?ttblyr=2023&entno=34677&lang=jp
258,日吉,人文科学科目選択,春,人文科学特論Ⅰ,木4,熊代 敏行,対面授業（主として対面授業）,2023,"['法/法律', '法/政治']",14706,detail?ttblyr=2023&entno=14706&lang=jp
259,日吉,総合教育科目選択必修（Ⅱ系）Ⅱ系　人文・社会系,春,文学Ⅰ,月4,津田 眞弓,対面授業（主として対面授業）,2023,"['経/経済', '商/商', '文/人文', '法/政治', '法/法律', '理']",9624,detail?ttblyr=2023&entno=09624&lang=jp
261,日吉,人文科学科目選択,春,人文科学特論Ⅰ,木5,鈴木 透,対面授業（主として対面授業）,2023,"['法/政治', '法/法律']",14649,detail?ttblyr=2023&entno=14649&lang=jp
262,日吉,総合教育科目Ⅱ類（人文・社会科学系科目）講義科目,春,倫理学Ⅰ,水3,杉本 俊介,対面授業（主として対面授業）,2023,"['商/商', '経/経済', '文/人文', '法/法律', '法/政治', '理']",24780,detail?ttblyr=2023&entno=24780&lang=jp
264,日吉,総合教育科目Ⅱ類（人文・社会科学系科目）講義科目,秋,言語学Ⅳ,火5,古賀 裕章,対面授業（主として対面授業）,2023,"['商/商', '経/経済', '文/人文', '法/政治', '法/法律']",31190,detail?ttblyr=2023&entno=31190&lang=jp
272,日吉,総合教育科目Ⅱ類（人文・社会科学系科目）講義科目,秋,歴史Ⅱ,水2,新井 和広,対面授業（主として対面授業）,2023,"['商/商', '経/経済', '文/人文', '法/法律', '法/政治', '理']",1625,detail?ttblyr=2023&entno=01625&lang=jp
273,日吉,総合教育科目選択必修（Ⅱ系）Ⅱ系　人文・社会系,秋,美術Ⅱ,土1,細野 喜代,対面授業（主として対面授業）,2023,"['経/経済', '商/商', '文/人文', '法/法律', '法/政治', '理']",19454,detail?ttblyr=2023&entno=19454&lang=jp
274,日吉,総合教育科目選択必修（Ⅱ系）Ⅱ系　人文・社会系,秋,文学Ⅱ,月4,恋田 知子,対面授業（主として対面授業）,2023,"['経/経済', '商/商', '文/人文', '法/法律', '法/政治', '理']",24479,detail?ttblyr=2023&entno=24479&lang=jp
275,日吉,総合教育科目選択必修（Ⅱ系）Ⅱ系　人文・社会系,春,哲学Ⅰ,金4,内山 真莉子,対面授業（主として対面授業）,2023,"['経/経済', '商/商', '文/人文', '法/法律', '法/政治', '理']",51712,detail?ttblyr=2023&entno=51712&lang=jp
276,日吉,総合教育科目Ⅱ類（人文・社会科学系科目）講義科目,春,美術Ⅰ,火2,塩澤 寛樹,対面授業（主として対面授業）,2023,"['商/商', '経/経済', '文/人文', '法/法律', '法/政治', '理']",1056,detail?ttblyr=2023&entno=01056&lang=jp
277,日吉,総合教育科目Ⅱ類（人文・社会科学系科目）講義科目,秋,美術Ⅱ,火2,塩澤 寛樹,対面授業（主として対面授業）,2023,"['商/商', '経/経済', '文/人文', '法/政治', '法/法律', '理']",54908,detail?ttblyr=2023&entno=54908&lang=jp
278,日吉,人文科学科目選択,春,地域文化論Ⅰ（ラテンアメリカ）,金3,渡辺 裕木,対面授業（主として対面授業）,2023,"['法/政治', '法/法律']",33103,detail?ttblyr=2023&entno=33103&lang=jp
279,日吉,人文科学科目選択,春,地域文化論Ⅰ（フランス）,月3,綾部 麻美,対面授業（主として対面授業）,2023,"['法/法律', '法/政治']",38803,detail?ttblyr=2023&entno=38803&lang=jp
281,日吉,人文科学科目選択,秋,地域文化論Ⅱ（東アジア・中国）,月5,望月 敏弘,対面授業（主として対面授業）,2023,"['法/政治', '法/法律']",19513,detail?ttblyr=2023&entno=19513&lang=jp
282,日吉,総合教育科目選択必修（Ⅱ系）Ⅱ系　人文・社会系,秋,文学Ⅱ,月4,栗本 賀世子,対面授業（主として対面授業）,2023,"['経/経済', '商/商', '文/人文', '法/政治', '法/法律', '理']",22241,detail?ttblyr=2023&entno=22241&lang=jp
283,日吉,総合教育科目選択必修（Ⅱ系）Ⅱ系　人文・社会系,秋,宗教学Ⅱ,金3,志田 雅宏,対面授業（主として対面授業）,2023,"['経/経済', '商/商', '文/人文', '法/法律', '法/政治', '理']",63875,detail?ttblyr=2023&entno=63875&lang=jp
285,日吉,総合教育科目Ⅱ類（人文・社会科学系科目）講義科目,春,美術Ⅰ,木4,荒木 文果,対面授業（主として対面授業）,2023,"['商/商', '経/経済', '文/人文', '法/法律', '法/政治', '理']",22658,detail?ttblyr=2023&entno=22658&lang=jp
287,日吉,総合教育科目選択必修（Ⅱ系）Ⅱ系　人文・社会系,秋,美術Ⅱ,月3,高松 麻里,対面授業（主として対面授業）,2023,"['経/経済', '商/商', '文/人文', '法/政治', '法/法律', '理']",84967,detail?ttblyr=2023&entno=84967&lang=jp
288,日吉,総合教育科目選択必修（Ⅱ系）Ⅱ系　人文・社会系,秋,音楽Ⅱ,水2,福中 冬子,対面授業（主として対面授業）,2023,"['経/経済', '文/人文', '法/政治', '法/法律']",20272,detail?ttblyr=2023&entno=20272&lang=jp
289,日吉,総合教育科目Ⅱ類（人文・社会科学系科目）講義科目,春,文学Ⅰ,木2,瀧本 佳容子,対面授業（主として対面授業）,2023,"['商/商', '経/経済', '文/人文', '法/法律', '法/政治', '理']",86754,detail?ttblyr=2023&entno=86754&lang=jp
295,日吉,総合教育科目Ⅱ類（人文・社会科学系科目）講義科目,春,文学Ⅰ,水4,佐藤 元状,対面授業（主として対面授業）,2023,"['商/商', '経/経済', '文/人文', '法/政治', '法/法律', '理']",76207,detail?ttblyr=2023&entno=76207&lang=jp
297,日吉,人文科学科目選択,春,地域文化論Ⅲ（ドイツ）,木4,飯田 道子,対面授業（主として対面授業）,2023,"['法/法律', '法/政治']",25164,detail?ttblyr=2023&entno=25164&lang=jp
299,日吉,人文科学科目選択,秋,地域文化論Ⅳ（東アジア・朝鮮半島）,金1,小針 進,対面授業（主として対面授業）,2023,"['法/法律', '法/政治']",278,detail?ttblyr=2023&entno=00278&lang=jp
306,日吉,総合教育科目選択必修（Ⅱ系）Ⅱ系　人文・社会系,春,歴史Ⅰ,金2,舘 葉月,対面授業（主として対面授業）,2023,"['経/経済', '商/商', '文/人文', '法/政治', '法/法律', '理']",29834,detail?ttblyr=2023&entno=29834&lang=jp
307,日吉,総合教育科目Ⅱ類（人文・社会科学系科目）講義科目,春,文学Ⅰ,火5,井上 櫻子,対面授業（主として対面授業）,2023,"['商/商', '経/経済', '文/人文', '法/法律', '法/政治', '理']",37845,detail?ttblyr=2023&entno=37845&lang=jp
308,日吉,総合教育科目選択必修（Ⅱ系）Ⅱ系　人文・社会系,春,歴史Ⅰ,金5,的場 匠平,オンライン授業（全回オンデマンド形式）,2023,"['経/経済', '商/商', '文/人文', '法/法律', '法/政治', '理']",51511,detail?ttblyr=2023&entno=51511&lang=jp
309,日吉,総合教育科目Ⅱ類（人文・社会科学系科目）講義科目,秋,論理学Ⅱ,木4,佐々木 昭則,対面授業（主として対面授業）,2023,"['商/商', '経/経済', '文/人文', '法/法律', '法/政治', '理']",69816,detail?ttblyr=2023&entno=69816&lang=jp
316,日吉,総合教育科目Ⅱ類（人文・社会科学系科目）講義科目,春,歴史Ⅰ,木4,岩崎 賢,対面授業（主として対面授業）,2023,"['商/商', '経/経済', '文/人文', '法/法律', '法/政治', '理']",41749,detail?ttblyr=2023&entno=41749&lang=jp
317,日吉,総合教育科目Ⅱ類（人文・社会科学系科目）講義科目,春,哲学Ⅰ,木2,縣 由衣子,対面授業（主として対面授業）,2023,"['商/商', '経/経済', '文/人文', '法/政治', '法/法律', '理']",30891,detail?ttblyr=2023&entno=30891&lang=jp
319,日吉,総合教育科目選択必修（Ⅱ系）Ⅱ系　人文・社会系,春,歴史Ⅰ,土2,リドウェン， トーマス Ｐ．,対面授業（主として対面授業）,2023,"['経/経済', '商/商', '文/人文', '法/政治', '法/法律', '理']",5504,detail?ttblyr=2023&entno=05504&lang=jp
320,日吉,総合教育科目Ⅱ類（人文・社会科学系科目）講義科目,春,漢文Ⅰ,木1,根岸 宗一郎,オンライン授業（全回オンデマンド形式）,2023,"['商/商', '経/経済', '文/人文', '法/政治', '法/法律']",11855,detail?ttblyr=2023&entno=11855&lang=jp
322,日吉,人文科学科目選択,秋,人文科学特論Ⅱ,水5,古賀 裕章,対面授業（主として対面授業）,2023,"['法/法律', '法/政治']",40789,detail?ttblyr=2023&entno=40789&lang=jp
324,日吉,人文科学科目選択,秋,地域文化論Ⅱ（イベリア半島）,金1,杉山 佳子,対面授業（主として対面授業）,2023,"['法/政治', '法/法律']",35383,detail?ttblyr=2023&entno=35383&lang=jp
325,日吉,総合教育科目選択必修（Ⅱ系）Ⅱ系　人文・社会系,春,音楽Ⅰ,月2,木内 麻理子,対面授業（主として対面授業）,2023,"['経/経済', '商/商', '文/人文', '法/政治', '法/法律', '理']",34884,detail?ttblyr=2023&entno=34884&lang=jp
326,日吉,人文科学科目選択,春,人文科学特論Ⅰ,木3,礒崎 敦仁,対面授業（主として対面授業）,2023,"['法/法律', '法/政治']",93934,detail?ttblyr=2023&entno=93934&lang=jp
328,日吉,総合教育科目選択必修（Ⅱ系）Ⅱ系　人文・社会系,秋,音楽Ⅱ,月2,木内 麻理子,対面授業（主として対面授業）,2023,"['経/経済', '商/商', '文/人文', '法/法律', '法/政治', '理']",29796,detail?ttblyr=2023&entno=29796&lang=jp
329,日吉,人文科学科目選択,秋,地域文化論Ⅱ（ドイツ）,木3,三瓶 愼一,対面授業（主として対面授業）,2023,"['法/政治', '法/法律']",3302,detail?ttblyr=2023&entno=03302&lang=jp
330,日吉,総合教育科目Ⅱ類（人文・社会科学系科目）講義科目,春,論理学Ⅰ,水3,弓削 隆一,対面授業（主として対面授業）,2023,"['商/商', '経/経済', '文/人文', '法/政治', '法/法律', '理']",4146,detail?ttblyr=2023&entno=04146&lang=jp
332,日吉,人文科学科目選択,春,地域文化論Ⅰ（ロシア）,水2,熊野谷 葉子,対面授業（主として対面授業）,2023,"['法/政治', '法/法律']",17798,detail?ttblyr=2023&entno=17798&lang=jp
333,日吉,総合教育科目選択必修（Ⅱ系）Ⅱ系　人文・社会系,秋,美術Ⅱ,土1,諸星 妙,対面授業（主として対面授業）,2023,"['経/経済', '商/商', '文/人文', '法/政治', '法/法律', '理']",46698,detail?ttblyr=2023&entno=46698&lang=jp
334,日吉,総合教育科目選択必修（Ⅱ系）Ⅱ系　人文・社会系,秋,哲学Ⅱ,金2,横路 佳幸,オンライン授業（主としてオンデマンド形式）,2023,"['経/経済', '商/商', '文/人文', '法/政治', '法/法律', '理']",72895,detail?ttblyr=2023&entno=72895&lang=jp
337,日吉,総合教育科目Ⅱ類（人文・社会科学系科目）講義科目,秋,歴史Ⅱ,火3,久保田 裕次,対面授業（主として対面授業）,2023,"['商/商', '経/経済', '文/人文', '法/法律', '法/政治', '理']",53500,detail?ttblyr=2023&entno=53500&lang=jp
339,日吉,人文科学科目選択,春,地域文化論Ⅲ（東アジア・中国）,木5,安田 淳,対面授業（主として対面授業）,2023,"['法/法律', '法/政治']",59455,detail?ttblyr=2023&entno=59455&lang=jp
342,日吉,総合教育科目選択必修（Ⅱ系）Ⅱ系　人文・社会系,秋,文学Ⅱ,金2,小菅 隼人,対面授業（主として対面授業）,2023,"['経/経済', '商/商', '文/人文', '法/政治', '法/法律', '理']",47311,detail?ttblyr=2023&entno=47311&lang=jp
343,日吉,総合教育科目選択必修（Ⅱ系）Ⅱ系　人文・社会系,秋,美術Ⅱ,金4,金山 弘昌,対面授業（主として対面授業）,2023,"['経/経済', '商/商', '文/人文', '法/法律', '法/政治', '理']",52666,detail?ttblyr=2023&entno=52666&lang=jp
345,日吉,人文科学科目選択,春,人文科学特論Ⅰ,月3,浜田 和範,対面授業（主として対面授業）,2023,"['法/政治', '法/法律']",40133,detail?ttblyr=2023&entno=40133&lang=jp
351,日吉,総合教育科目Ⅱ類（人文・社会科学系科目）講義科目,秋,哲学Ⅱ,水4,郷家 祐海,対面授業（主として対面授業）,2023,"['商/商', '経/経済', '文/人文', '法/法律', '法/政治', '理']",54176,detail?ttblyr=2023&entno=54176&lang=jp
360,日吉,総合教育科目Ⅱ類（人文・社会科学系科目）講義科目,春,文学Ⅰ,水3,石川 学,対面授業（主として対面授業）,2023,"['商/商', '経/経済', '文/人文', '法/法律', '法/政治', '理']",64905,detail?ttblyr=2023&entno=64905&lang=jp
363,日吉,総合教育科目Ⅱ類（人文・社会科学系科目）講義科目,秋,文学Ⅱ,水3,永嶋 友,対面授業（主として対面授業）,2023,"['商/商', '経/経済', '文/人文', '法/政治', '法/法律', '理']",76427,detail?ttblyr=2023&entno=76427&lang=jp
366,日吉,人文科学科目選択,秋,人文科学特論Ⅱ,月5,熊野谷 葉子,対面授業（主として対面授業）,2023,"['法/政治', '法/法律']",8800,detail?ttblyr=2023&entno=08800&lang=jp
367,日吉,総合教育科目Ⅱ類（人文・社会科学系科目）講義科目,春,歴史Ⅰ,木4,舟橋 倫子,対面授業（主として対面授業）,2023,"['商/商', '経/経済', '文/人文', '法/法律', '法/政治', '理']",55354,detail?ttblyr=2023&entno=55354&lang=jp
373,日吉,総合教育科目Ⅱ類（人文・社会科学系科目）講義科目,秋,漢文Ⅱ,木1,根岸 宗一郎,オンライン授業（全回オンデマンド形式）,2023,"['商/商', '経/経済', '文/人文', '法/政治', '法/法律']",12521,detail?ttblyr=2023&entno=12521&lang=jp
375,日吉,総合教育科目Ⅱ類（人文・社会科学系科目）講義科目,春,文学Ⅰ,水1,小平 麻衣子,対面授業（主として対面授業）,2023,"['商/商', '経/経済', '文/人文', '法/法律', '法/政治', '理']",31553,detail?ttblyr=2023&entno=31553&lang=jp
376,日吉,総合教育科目Ⅱ類（人文・社会科学系科目）講義科目,春,歴史Ⅰ,金2,山本 裕,対面授業（主として対面授業）,2023,"['商/商', '経/経済', '文/人文', '法/法律', '法/政治', '理']",52427,detail?ttblyr=2023&entno=52427&lang=jp
397,日吉,総合教育科目選択必修（Ⅰ系）Ⅰ系　自然・数理系,春,論理学Ⅰ,月5,山崎 紗紀子,対面授業（主として対面授業）,2023,"['経/経済', '商/商', '文/人文', '法/法律', '法/政治', '理']",51655,detail?ttblyr=2023&entno=51655&lang=jp
398,日吉,総合教育科目Ⅱ類（人文・社会科学系科目）講義科目,春,論理学Ⅰ,火5,高橋 優太,オンライン授業（全回オンデマンド形式）,2023,"['商/商', '経/経済', '文/人文', '法/政治', '法/法律', '理']",52499,detail?ttblyr=2023&entno=52499&lang=jp
405,日吉,総合教育科目Ⅱ類（人文・社会科学系科目）講義科目,秋,倫理学Ⅱ,木3,五味 竜彦,対面授業（主として対面授業）,2023,"['商/商', '経/経済', '文/人文', '法/法律', '法/政治', '理']",29432,detail?ttblyr=2023&entno=29432&lang=jp
412,日吉,総合教育科目Ⅱ類（人文・社会科学系科目）講義科目,秋,音楽Ⅱ,火4,井上 智,対面授業（主として対面授業）,2023,"['商/商', '経/経済', '文/人文', '法/法律', '法/政治', '理']",90131,detail?ttblyr=2023&entno=90131&lang=jp
413,日吉,総合教育科目Ⅱ類（人文・社会科学系科目）講義科目,秋,哲学Ⅱ,木2,豊田 泰淳,対面授業（主として対面授業）,2023,"['商/商', '経/経済', '文/人文', '法/法律', '法/政治', '理']",75488,detail?ttblyr=2023&entno=75488&lang=jp
419,日吉,総合教育科目Ⅱ類（人文・社会科学系科目）講義科目,秋,文学Ⅱ,木2,瀧本 佳容子,対面授業（主として対面授業）,2023,"['商/商', '経/経済', '文/人文', '法/法律', '法/政治', '理']",86989,detail?ttblyr=2023&entno=86989&lang=jp
422,日吉,人文科学科目選択,春,人文科学特論Ⅰ,水4,笠井 裕之,対面授業（主として対面授業）,2023,"['法/政治', '法/法律']",19839,detail?ttblyr=2023&entno=19839&lang=jp
424,日吉,総合教育科目Ⅱ類（人文・社会科学系科目）講義科目,春,言語認識論,水3,小原 京子,対面授業（主として対面授業）,2023,"['商/商', '経/経済', '文/人文', '法/法律', '法/政治', '理']",21558,detail?ttblyr=2023&entno=21558&lang=jp
426,日吉,総合教育科目選択必修（Ⅱ系）Ⅱ系　人文・社会系,秋,科学史Ⅱ,土3,俵 章浩,対面授業（主として対面授業）,2023,"['経/経済', '商/商', '法/政治', '法/法律', '理']",40981,detail?ttblyr=2023&entno=40981&lang=jp
427,日吉,総合教育科目選択必修（Ⅱ系）Ⅱ系　人文・社会系,春,哲学Ⅰ,金2,横路 佳幸,オンライン授業（主としてオンデマンド形式）,2023,"['経/経済', '商/商', '文/人文', '法/法律', '法/政治', '理']",51746,detail?ttblyr=2023&entno=51746&lang=jp
428,日吉,総合教育科目Ⅱ類（人文・社会科学系科目）講義科目,秋,科学史Ⅱ,火3,見上 公一,対面授業（主として対面授業）,2023,"['商/商', '経/経済', '法/政治', '法/法律', '理']",6826,detail?ttblyr=2023&entno=06826&lang=jp
431,日吉,総合教育科目選択必修（Ⅱ系）Ⅱ系　人文・社会系,秋,倫理学Ⅱ,金2,エアトル， ヴォルフガング,対面授業（主として対面授業）,2023,"['経/経済', '商/商', '文/人文', '法/法律', '法/政治', '理']",834,detail?ttblyr=2023&entno=00834&lang=jp
432,日吉,総合教育科目Ⅱ類（人文・社会科学系科目）講義科目,春,科学史Ⅰ,火3,見上 公一,対面授業（主として対面授業）,2023,"['商/商', '経/経済', '法/法律', '法/政治', '理']",6811,detail?ttblyr=2023&entno=06811&lang=jp
435,日吉,総合教育科目選択必修（Ⅱ系）Ⅱ系　人文・社会系,春,歴史Ⅰ,月3,新井 和広,対面授業（主として対面授業）,2023,"['経/経済', '商/商', '文/人文', '法/政治', '法/法律', '理']",31921,detail?ttblyr=2023&entno=31921&lang=jp
439,日吉,総合教育科目Ⅱ類（人文・社会科学系科目）講義科目,秋,歴史Ⅱ,火4,岩本 健寿,対面授業（主として対面授業）,2023,"['商/商', '経/経済', '文/人文', '法/法律', '法/政治', '理']",75234,detail?ttblyr=2023&entno=75234&lang=jp
440,日吉,総合教育科目選択必修（Ⅱ系）Ⅱ系　人文・社会系,春,音楽Ⅰ,水1,福中 冬子,対面授業（主として対面授業）,2023,"['経/経済', '文/人文', '法/法律', '法/政治']",51822,detail?ttblyr=2023&entno=51822&lang=jp
441,日吉,総合教育科目選択必修（Ⅱ系）Ⅱ系　人文・社会系,春,倫理学Ⅰ,金2,エアトル， ヴォルフガング,対面授業（主として対面授業）,2023,"['経/経済', '商/商', '文/人文', '法/法律', '法/政治', '理']",51526,detail?ttblyr=2023&entno=51526&lang=jp
442,日吉,総合教育科目Ⅱ類（人文・社会科学系科目）講義科目,春,倫理学Ⅰ,水1,杉本 俊介,対面授業（主として対面授業）,2023,"['商/商', '経/経済', '文/人文', '法/政治', '法/法律', '理']",19441,detail?ttblyr=2023&entno=19441&lang=jp
445,日吉,総合教育科目Ⅱ類（人文・社会科学系科目）講義科目,春,哲学Ⅰ,火4,平井 靖史,対面授業（主として対面授業）,2023,"['商/商', '経/経済', '文/人文', '法/法律', '法/政治', '理']",37630,detail?ttblyr=2023&entno=37630&lang=jp
449,日吉,総合教育科目選択必修（Ⅱ系）Ⅱ系　人文・社会系,春,哲学Ⅰ,金5,鈴木 康則,対面授業（主として対面授業）,2023,"['経/経済', '商/商', '文/人文', '法/法律', '法/政治', '理']",796,detail?ttblyr=2023&entno=00796&lang=jp
451,日吉,総合教育科目Ⅱ類（人文・社会科学系科目）講義科目,秋,文学Ⅱ,水1,小平 麻衣子,対面授業（主として対面授業）,2023,"['商/商', '経/経済', '文/人文', '法/法律', '法/政治', '理']",28857,detail?ttblyr=2023&entno=28857&lang=jp
452,日吉,総合教育科目選択必修（Ⅱ系）Ⅱ系　人文・社会系,春,歴史Ⅰ,水4,片山 杜秀,対面授業（主として対面授業）,2023,"['経/経済', '文/人文', '法/法律', '法/政治']",42453,detail?ttblyr=2023&entno=42453&lang=jp
453,日吉,人文科学科目選択,秋,人文科学特論Ⅱ,水2,ヘンク， ニコラス,対面授業（主として対面授業）,2023,"['法/法律', '法/政治']",13661,detail?ttblyr=2023&entno=13661&lang=jp
454,日吉,人文科学科目選択,秋,地域文化論Ⅳ（イギリス）,水4,佐藤 元状,対面授業（主として対面授業）,2023,"['法/法律', '法/政治']",31792,detail?ttblyr=2023&entno=31792&lang=jp
462,日吉,総合教育科目選択必修（Ⅱ系）Ⅱ系　人文・社会系,秋,哲学Ⅱ,金3,小山田 圭一,対面授業（主として対面授業）,2023,"['経/経済', '商/商', '文/人文', '法/政治', '法/法律', '理']",37242,detail?ttblyr=2023&entno=37242&lang=jp
466,日吉,総合教育科目Ⅱ類（人文・社会科学系科目）講義科目,春,音楽Ⅰ,火4,石井 明,対面授業（主として対面授業）,2023,"['商/商', '経/経済', '文/人文', '法/法律', '法/政治', '理']",71679,detail?ttblyr=2023&entno=71679&lang=jp
467,日吉,総合教育科目Ⅱ類（人文・社会科学系科目）講義科目,春,倫理学Ⅰ,水5,長門 裕介,オンライン授業（全回オンデマンド形式）,2023,"['商/商', '経/経済', '文/人文', '法/法律', '法/政治', '理']",576,detail?ttblyr=2023&entno=00576&lang=jp
468,日吉,総合教育科目Ⅱ類（人文・社会科学系科目）講義科目,秋,国語国文Ⅱ,木2,太田 克也,対面授業（主として対面授業）,2023,"['商/商', '経/経済', '文/人文', '法/法律', '法/政治']",18496,detail?ttblyr=2023&entno=18496&lang=jp
473,日吉,総合教育科目Ⅱ類（人文・社会科学系科目）講義科目,春,美術Ⅰ,木3,荒木 文果,対面授業（主として対面授業）,2023,"['商/商', '経/経済', '文/人文', '法/法律', '法/政治', '理']",21173,detail?ttblyr=2023&entno=21173&lang=jp
474,日吉,総合教育科目選択必修（Ⅱ系）Ⅱ系　人文・社会系,秋,音楽Ⅱ,月1,尾高 暁子,対面授業（主として対面授業）,2023,"['経/経済', '商/商', '文/人文', '法/政治', '法/法律', '理']",32177,detail?ttblyr=2023&entno=32177&lang=jp
480,日吉,人文科学科目選択,春,人文科学特論Ⅰ,火3,大出 敦,対面授業（主として対面授業）,2023,"['法/法律', '法/政治']",41656,detail?ttblyr=2023&entno=41656&lang=jp
481,日吉,人文科学科目選択,秋,地域文化論Ⅱ（東アジア・朝鮮半島）,水4,礒崎 敦仁,対面授業（主として対面授業）,2023,"['法/法律', '法/政治']",24244,detail?ttblyr=2023&entno=24244&lang=jp
482,日吉,総合教育科目選択必修（Ⅲ系）Ⅲ系　総合・関連系,春,芸術文化論Ⅰ,月3,津田 眞弓 他,対面授業（主として対面授業）,2023,"['経/経済', '商/商', '文/人文', '法/政治', '法/法律', '理']",99268,detail?ttblyr=2023&entno=99268&lang=jp
483,日吉,総合教育科目Ⅱ類（人文・社会科学系科目）講義科目,秋,哲学Ⅱ,木2,縣 由衣子,対面授業（主として対面授業）,2023,"['商/商', '経/経済', '文/人文', '法/政治', '法/法律', '理']",2105,detail?ttblyr=2023&entno=02105&lang=jp
486,日吉,総合教育科目選択必修（Ⅱ系）Ⅱ系　人文・社会系,春,哲学Ⅰ,金5,飯泉 佑介,対面授業（主として対面授業）,2023,"['経/経済', '商/商', '文/人文', '法/政治', '法/法律', '理']",2291,detail?ttblyr=2023&entno=02291&lang=jp
487,日吉,人文科学科目選択,秋,地域文化論Ⅳ（ドイツ）,木4,飯田 道子,対面授業（主として対面授業）,2023,"['法/法律', '法/政治']",24885,detail?ttblyr=2023&entno=24885&lang=jp
488,日吉,総合教育科目Ⅱ類（人文・社会科学系科目）講義科目,秋,美術Ⅱ,水2,山根 千明,対面授業（主として対面授業）,2023,"['商/商', '経/経済', '文/人文', '法/法律', '法/政治', '理']",76628,detail?ttblyr=2023&entno=76628&lang=jp
491,日吉,総合教育科目Ⅱ類（人文・社会科学系科目）講義科目,春,美術Ⅰ,木2,松田 健児,対面授業（主として対面授業）,2023,"['商/商', '経/経済', '文/人文', '法/法律', '法/政治', '理']",83478,detail?ttblyr=2023&entno=83478&lang=jp
492,日吉,総合教育科目選択必修（Ⅱ系）Ⅱ系　人文・社会系,秋,哲学Ⅱ,金4,内山 真莉子,対面授業（主として対面授業）,2023,"['経/経済', '商/商', '文/人文', '法/政治', '法/法律', '理']",67670,detail?ttblyr=2023&entno=67670&lang=jp
495,日吉,人文科学科目選択,秋,地域文化論Ⅱ（アラブ世界）,木4,大隼 エヴァ,対面授業（主として対面授業）,2023,"['法/法律', '法/政治']",40296,detail?ttblyr=2023&entno=40296&lang=jp
498,日吉,人文科学科目選択,春,地域文化論Ⅰ（東アジア・中国）,木1,林 秀光,対面授業（主として対面授業）,2023,"['法/法律', '法/政治']",20217,detail?ttblyr=2023&entno=20217&lang=jp
499,日吉,人文科学科目選択,秋,人文科学特論Ⅱ,木4,熊代 敏行,対面授業（主として対面授業）,2023,"['法/法律', '法/政治']",13370,detail?ttblyr=2023&entno=13370&lang=jp
500,日吉,総合教育科目Ⅱ類（人文・社会科学系科目）講義科目,春,音楽Ⅰ,金4,岡田 安樹浩,対面授業（主として対面授業）,2023,"['商/商', '経/経済', '文/人文', '法/法律', '法/政治', '理']",53720,detail?ttblyr=2023&entno=53720&lang=jp
503,日吉,総合教育科目Ⅱ類（人文・社会科学系科目）講義科目,春,国語国文Ⅰ,火3,齋藤 慎一郎,対面授業（主として対面授業）,2023,"['商/商', '経/経済', '文/人文', '法/法律', '法/政治']",20249,detail?ttblyr=2023&entno=20249&lang=jp
504,日吉,総合教育科目Ⅱ類（人文・社会科学系科目）講義科目,秋,論理学Ⅱ,火3,高橋 優太,オンライン授業（全回オンデマンド形式）,2023,"['商/商', '経/経済', '文/人文', '法/法律', '法/政治', '理']",6244,detail?ttblyr=2023&entno=06244&lang=jp
505,日吉,総合教育科目選択必修（Ⅰ系）Ⅰ系　自然・数理系,春,論理学Ⅰ,金2,弓削 隆一,対面授業（主として対面授業）,2023,"['経/経済', '商/商', '文/人文', '法/法律', '法/政治', '理']",10552,detail?ttblyr=2023&entno=10552&lang=jp
511,日吉,総合教育科目選択必修（Ⅱ系）Ⅱ系　人文・社会系,秋,歴史Ⅱ,金2,山本 裕,対面授業（主として対面授業）,2023,"['経/経済', '商/商', '文/人文', '法/法律', '法/政治', '理']",73906,detail?ttblyr=2023&entno=73906&lang=jp
513,日吉,総合教育科目Ⅱ類（人文・社会科学系科目）講義科目,春,哲学Ⅰ,水5,鴻 浩介,対面授業（主として対面授業）,2023,"['商/商', '経/経済', '文/人文', '法/法律', '法/政治', '理']",38139,detail?ttblyr=2023&entno=38139&lang=jp
515,日吉,総合教育科目選択必修（Ⅱ系）Ⅱ系　人文・社会系,春,言語学Ⅰ,土2,平沢 慎也,対面授業（主として対面授業）,2023,"['経/経済', '商/商', '文/人文', '法/法律', '法/政治']",72455,detail?ttblyr=2023&entno=72455&lang=jp
516,日吉,総合教育科目Ⅱ類（人文・社会科学系科目）講義科目,春,哲学Ⅰ,水4,郷家 祐海,対面授業（主として対面授業）,2023,"['商/商', '経/経済', '文/人文', '法/法律', '法/政治', '理']",37606,detail?ttblyr=2023&entno=37606&lang=jp
517,日吉,総合教育科目Ⅱ類（人文・社会科学系科目）講義科目,春,音楽Ⅰ,水3,木内 麻理子,対面授業（主として対面授業）,2023,"['商/商', '経/経済', '文/人文', '法/政治', '法/法律', '理']",36868,detail?ttblyr=2023&entno=36868&lang=jp
522,日吉,人文科学科目選択,春,人文科学特論Ⅰ,火5,許 光俊,対面授業（主として対面授業）,2023,"['法/政治', '法/法律']",27355,detail?ttblyr=2023&entno=27355&lang=jp
524,日吉,人文科学科目選択,春,地域文化論Ⅰ（イベリア半島）,金1,折井 善果,対面授業（主として対面授業）,2023,"['法/政治', '法/法律']",29654,detail?ttblyr=2023&entno=29654&lang=jp
528,日吉,人文科学科目選択,春,人文科学特論Ⅰ,月5,熊野谷 葉子,対面授業（主として対面授業）,2023,"['法/法律', '法/政治']",9089,detail?ttblyr=2023&entno=09089&lang=jp
529,日吉,総合教育科目選択必修（Ⅱ系）Ⅱ系　人文・社会系,秋,歴史Ⅱ,月3,多和田 雅保,対面授業（主として対面授業）,2023,"['経/経済', '商/商', '文/人文', '法/法律', '法/政治', '理']",705,detail?ttblyr=2023&entno=00705&lang=jp
531,日吉,総合教育科目選択必修（Ⅱ系）Ⅱ系　人文・社会系,秋,歴史Ⅱ,月2,新井 和広,対面授業（主として対面授業）,2023,"['経/経済', '商/商', '文/人文', '法/政治', '法/法律', '理']",17530,detail?ttblyr=2023&entno=17530&lang=jp
533,日吉,総合教育科目選択必修（Ⅱ系）Ⅱ系　人文・社会系,秋,音楽Ⅱ,金1,丸山 瑶子,対面授業（主として対面授業）,2023,"['経/経済', '商/商', '文/人文', '法/政治', '法/法律', '理']",39302,detail?ttblyr=2023&entno=39302&lang=jp
534,日吉,総合教育科目Ⅱ類（人文・社会科学系科目）講義科目,秋,論理学Ⅱ,木5,佐々木 昭則,対面授業（主として対面授業）,2023,"['商/商', '経/経済', '文/人文', '法/政治', '法/法律', '理']",15541,detail?ttblyr=2023&entno=15541&lang=jp
542,日吉,総合教育科目Ⅱ類（人文・社会科学系科目）講義科目,春,文学Ⅰ,木3,竹内 美佳子,対面授業（主として対面授業）,2023,"['商/商', '経/経済', '文/人文', '法/法律', '法/政治', '理']",4610,detail?ttblyr=2023&entno=04610&lang=jp
545,日吉,総合教育科目選択必修（Ⅱ系）Ⅱ系　人文・社会系,春,文学Ⅰ,月1,種村 和史,対面授業（主として対面授業）,2023,"['経/経済', '商/商', '文/人文', '法/政治', '法/法律', '理']",82012,detail?ttblyr=2023&entno=82012&lang=jp
553,日吉,総合教育科目Ⅱ類（人文・社会科学系科目）講義科目,秋,歴史Ⅱ,木4,舟橋 倫子,対面授業（主として対面授業）,2023,"['商/商', '経/経済', '文/人文', '法/法律', '法/政治', '理']",59159,detail?ttblyr=2023&entno=59159&lang=jp
555,日吉,総合教育科目選択必修（Ⅰ系）Ⅰ系　自然・数理系,秋,論理学Ⅱ,金2,弓削 隆一,対面授業（主として対面授業）,2023,"['経/経済', '商/商', '文/人文', '法/政治', '法/法律', '理']",11559,detail?ttblyr=2023&entno=11559&lang=jp
557,日吉,総合教育科目Ⅱ類（人文・社会科学系科目）講義科目,春,倫理学Ⅰ,木3,五味 竜彦,対面授業（主として対面授業）,2023,"['商/商', '経/経済', '文/人文', '法/政治', '法/法律', '理']",35819,detail?ttblyr=2023&entno=35819&lang=jp
558,日吉,人文科学科目選択,秋,人文科学特論Ⅱ,水4,笠井 裕之,対面授業（主として対面授業）,2023,"['法/政治', '法/法律']",19810,detail?ttblyr=2023&entno=19810&lang=jp
562,日吉,総合教育科目Ⅱ類（人文・社会科学系科目）講義科目,春,哲学Ⅰ,火4,田中 泉吏,対面授業（主として対面授業）,2023,"['商/商', '経/経済', '文/人文', '法/政治', '法/法律', '理']",51818,detail?ttblyr=2023&entno=51818&lang=jp
564,日吉,総合教育科目選択必修（Ⅱ系）Ⅱ系　人文・社会系,秋,歴史Ⅱ,金2,舘 葉月,対面授業（主として対面授業）,2023,"['経/経済', '商/商', '文/人文', '法/法律', '法/政治', '理']",69964,detail?ttblyr=2023&entno=69964&lang=jp
565,日吉,総合教育科目Ⅱ類（人文・社会科学系科目）講義科目,春,歴史Ⅰ,火4,岩本 健寿,対面授業（主として対面授業）,2023,"['商/商', '経/経済', '文/人文', '法/政治', '法/法律', '理']",52719,detail?ttblyr=2023&entno=52719&lang=jp
577,日吉,人文科学科目選択,春,人文科学特論Ⅰ,火4,平沢 慎也,対面授業（主として対面授業）,2023,"['法/法律', '法/政治']",3334,detail?ttblyr=2023&entno=03334&lang=jp
581,日吉,総合教育科目選択必修（Ⅱ系）Ⅱ系　人文・社会系,春,文学Ⅰ,金2,小菅 隼人,対面授業（主として対面授業）,2023,"['経/経済', '商/商', '文/人文', '法/政治', '法/法律', '理']",26194,detail?ttblyr=2023&entno=26194&lang=jp
582,日吉,人文科学科目選択,春,人であることⅠ,水5,有光 道生 他,対面授業（主として対面授業）,2023,"['法/法律', '法/政治']",40406,detail?ttblyr=2023&entno=40406&lang=jp
587,日吉,人文科学科目選択,秋,人文科学特論Ⅱ,水4,大隼 エヴァ,対面授業（主として対面授業）,2023,"['法/法律', '法/政治']",3717,detail?ttblyr=2023&entno=03717&lang=jp
591,日吉,人文科学科目選択,春,地域文化論Ⅰ（東アジア・朝鮮半島）,水4,礒崎 敦仁,対面授業（主として対面授業）,2023,"['法/法律', '法/政治']",24737,detail?ttblyr=2023&entno=24737&lang=jp
592,日吉,総合教育科目Ⅱ類（人文・社会科学系科目）講義科目,春,美術Ⅰ,木2,佐々木 康之,対面授業（主として対面授業）,2023,"['商/商', '経/経済', '文/人文', '法/法律', '法/政治', '理']",29381,detail?ttblyr=2023&entno=29381&lang=jp
593,日吉,総合教育科目選択必修（Ⅱ系）Ⅱ系　人文・社会系,春,文学Ⅰ,金2,金子 奈美,対面授業（主として対面授業）,2023,"['経/経済', '商/商', '文/人文', '法/政治', '法/法律', '理']",51875,detail?ttblyr=2023&entno=51875&lang=jp
596,日吉,総合教育科目Ⅱ類（人文・社会科学系科目）講義科目,春,哲学Ⅰ,木2,豊田 泰淳,対面授業（主として対面授業）,2023,"['商/商', '経/経済', '文/人文', '法/法律', '法/政治', '理']",52097,detail?ttblyr=2023&entno=52097&lang=jp
598,日吉,総合教育科目Ⅱ類（人文・社会科学系科目）講義科目,春,歴史Ⅰ,水2,新井 和広,対面授業（主として対面授業）,2023,"['商/商', '経/経済', '文/人文', '法/政治', '法/法律', '理']",4772,detail?ttblyr=2023&entno=04772&lang=jp
601,日吉,総合教育科目選択必修（Ⅱ系）Ⅱ系　人文・社会系,秋,美術Ⅱ,月4,中村 暢子,対面授業（主として対面授業）,2023,"['経/経済', '商/商', '文/人文', '法/法律', '法/政治', '理']",76666,detail?ttblyr=2023&entno=76666&lang=jp
604,日吉,総合教育科目Ⅱ類（人文・社会科学系科目）講義科目,春,倫理学Ⅰ,金4,西川 耕平,対面授業（主として対面授業）,2023,"['商/商', '経/経済', '文/人文', '法/政治', '法/法律', '理']",52298,detail?ttblyr=2023&entno=52298&lang=jp
605,日吉,人文科学科目選択,秋,人文科学特論Ⅱ,火4,平沢 慎也,対面授業（主として対面授業）,2023,"['法/法律', '法/政治']",32365,detail?ttblyr=2023&entno=32365&lang=jp
606,日吉,人文科学科目選択,春,地域文化論Ⅰ（アメリカ）,木4,常山 菜穂子,対面授業（主として対面授業）,2023,"['法/法律', '法/政治']",31185,detail?ttblyr=2023&entno=31185&lang=jp
609,日吉,総合教育科目Ⅱ類（人文・社会科学系科目）講義科目,秋,歴史Ⅱ,木2,鈴木 真吾,対面授業（主として対面授業）,2023,"['商/商', '経/経済', '文/人文', '法/法律', '法/政治', '理']",26175,detail?ttblyr=2023&entno=26175&lang=jp
610,日吉,総合教育科目Ⅱ類（人文・社会科学系科目）講義科目,秋,文学Ⅱ,水5,フォーグル， ヴァルター,対面授業（主として対面授業）,2023,"['商/商', '経/経済', '文/人文', '法/法律', '法/政治', '理']",90753,detail?ttblyr=2023&entno=90753&lang=jp
611,日吉,人文科学科目選択,春,人文科学特論Ⅰ,木5,星野 真志,対面授業（主として対面授業）,2023,"['法/政治', '法/法律']",95884,detail?ttblyr=2023&entno=95884&lang=jp
612,日吉,人文科学科目選択,春,人文科学特論Ⅰ,木3,片山 杜秀,対面授業（主として対面授業）,2023,"['法/政治', '法/法律']",5578,detail?ttblyr=2023&entno=05578&lang=jp
614,日吉,人文科学科目選択,秋,地域文化論Ⅳ（ロシア）,水4,ネウストローエヴァ， ナターリヤ,対面授業（主として対面授業）,2023,"['法/法律', '法/政治']",3865,detail?ttblyr=2023&entno=03865&lang=jp
616,日吉,総合教育科目Ⅱ類（人文・社会科学系科目）講義科目,秋,国語国文Ⅱ,木4,岡田 一祐,対面授業（主として対面授業）,2023,"['商/商', '経/経済', '文/人文', '法/法律', '法/政治']",63029,detail?ttblyr=2023&entno=63029&lang=jp
617,日吉,人文科学科目選択,秋,人文科学特論Ⅱ,木3,大和田 俊之,対面授業（主として対面授業）,2023,"['法/政治', '法/法律']",9772,detail?ttblyr=2023&entno=09772&lang=jp
618,日吉,総合教育科目選択必修（Ⅱ系）Ⅱ系　人文・社会系,秋,文学Ⅱ,金3,迫 桂,対面授業（主として対面授業）,2023,"['経/経済', '商/商', '文/人文', '法/法律', '法/政治', '理']",8355,detail?ttblyr=2023&entno=08355&lang=jp
619,日吉,総合教育科目Ⅱ類（人文・社会科学系科目）講義科目,秋,文学Ⅱ,火5,中川 真知子,対面授業（主として対面授業）,2023,"['商/商', '経/経済', '文/人文', '法/政治', '法/法律', '理']",3580,detail?ttblyr=2023&entno=03580&lang=jp
622,日吉,総合教育科目Ⅱ類（人文・社会科学系科目）講義科目,春,文学Ⅰ,火5,七字 眞明,対面授業（主として対面授業）,2023,"['商/商', '経/経済', '文/人文', '法/法律', '法/政治', '理']",98792,detail?ttblyr=2023&entno=98792&lang=jp
627,日吉,総合教育科目Ⅱ類（人文・社会科学系科目）講義科目,春,国語国文Ⅰ,木4,岡田 一祐,対面授業（主として対面授業）,2023,"['商/商', '経/経済', '文/人文', '法/法律', '法/政治']",53658,detail?ttblyr=2023&entno=53658&lang=jp
629,日吉,人文科学科目選択,春,地域文化論Ⅲ（フランス）,火3,村上 由美,対面授業（主として対面授業）,2023,"['法/法律', '法/政治']",30978,detail?ttblyr=2023&entno=30978&lang=jp
630,日吉,人文科学科目選択,秋,地域文化論Ⅳ（フランス）,火3,村上 由美,対面授業（主として対面授業）,2023,"['法/法律', '法/政治']",31572,detail?ttblyr=2023&entno=31572&lang=jp
631,日吉,総合教育科目Ⅱ類（人文・社会科学系科目）講義科目,秋,倫理学Ⅱ,火4,中野 愛理,対面授業（主として対面授業）,2023,"['商/商', '経/経済', '文/人文', '法/政治', '法/法律', '理']",595,detail?ttblyr=2023&entno=00595&lang=jp
632,日吉,総合教育科目選択必修（Ⅱ系）Ⅱ系　人文・社会系,秋,音楽Ⅱ,金4,岡田 安樹浩,対面授業（主として対面授業）,2023,"['経/経済', '商/商', '文/人文', '法/法律', '法/政治', '理']",26033,detail?ttblyr=2023&entno=26033&lang=jp
633,日吉,人文科学科目選択,春,地域文化論Ⅰ（イギリス）,水3,永嶋 友,対面授業（主として対面授業）,2023,"['法/政治', '法/法律']",1591,detail?ttblyr=2023&entno=01591&lang=jp
636,日吉,総合教育科目選択必修（Ⅱ系）Ⅱ系　人文・社会系,春,文学Ⅰ,月4,恋田 知子,対面授業（主として対面授業）,2023,"['経/経済', '商/商', '文/人文', '法/法律', '法/政治', '理']",246,detail?ttblyr=2023&entno=00246&lang=jp
638,日吉,総合教育科目Ⅱ類（人文・社会科学系科目）講義科目,春,倫理学Ⅰ,火4,中野 愛理,対面授業（主として対面授業）,2023,"['商/商', '経/経済', '文/人文', '法/法律', '法/政治', '理']",52690,detail?ttblyr=2023&entno=52690&lang=jp
640,日吉,総合教育科目Ⅱ類（人文・社会科学系科目）講義科目,秋,文学Ⅱ,火1,櫻庭 ゆみ子,対面授業（主として対面授業）,2023,"['商/商', '経/経済', '文/人文', '法/政治', '法/法律', '理']",81365,detail?ttblyr=2023&entno=81365&lang=jp
641,日吉,人文科学科目選択,秋,人文科学特論Ⅱ,水3,磯部 靖,対面授業（主として対面授業）,2023,"['法/法律', '法/政治']",99071,detail?ttblyr=2023&entno=99071&lang=jp
642,日吉,総合教育科目選択必修（Ⅱ系）Ⅱ系　人文・社会系,春,音楽Ⅰ,月5,土田 晴信,対面授業（主として対面授業）,2023,"['経/経済', '商/商', '文/人文', '法/法律', '法/政治', '理']",90203,detail?ttblyr=2023&entno=90203&lang=jp
647,日吉,総合教育科目Ⅱ類（人文・社会科学系科目）講義科目,秋,倫理学Ⅱ,水3,杉本 俊介,対面授業（主として対面授業）,2023,"['商/商', '経/経済', '文/人文', '法/法律', '法/政治', '理']",20033,detail?ttblyr=2023&entno=20033&lang=jp
648,日吉,総合教育科目Ⅱ類（人文・社会科学系科目）講義科目,春,文学Ⅰ,火5,中川 真知子,対面授業（主として対面授業）,2023,"['商/商', '経/経済', '文/人文', '法/政治', '法/法律', '理']",3059,detail?ttblyr=2023&entno=03059&lang=jp
657,日吉,総合教育科目Ⅱ類（人文・社会科学系科目）講義科目,秋,倫理学Ⅱ,水1,杉本 俊介,対面授業（主として対面授業）,2023,"['商/商', '経/経済', '文/人文', '法/法律', '法/政治', '理']",59020,detail?ttblyr=2023&entno=59020&lang=jp
658,日吉,人文科学科目選択,春,人文科学特論Ⅰ,水2,ヘンク， ニコラス,対面授業（主として対面授業）,2023,"['法/政治', '法/法律']",13312,detail?ttblyr=2023&entno=13312&lang=jp
660,日吉,総合教育科目選択必修（Ⅱ系）Ⅱ系　人文・社会系,秋,言語学Ⅱ,土2,平沢 慎也,対面授業（主として対面授業）,2023,"['経/経済', '商/商', '文/人文', '法/政治', '法/法律']",34702,detail?ttblyr=2023&entno=34702&lang=jp
661,日吉,総合教育科目選択必修（Ⅱ系）Ⅱ系　人文・社会系,春,音楽Ⅰ,金1,丸山 瑶子,対面授業（主として対面授業）,2023,"['経/経済', '商/商', '文/人文', '法/法律', '法/政治', '理']",51708,detail?ttblyr=2023&entno=51708&lang=jp
663,日吉,総合教育科目Ⅱ類（人文・社会科学系科目）講義科目,秋,音楽Ⅱ,火4,石井 明,対面授業（主として対面授業）,2023,"['商/商', '経/経済', '文/人文', '法/法律', '法/政治', '理']",60182,detail?ttblyr=2023&entno=60182&lang=jp
666,日吉,総合教育科目Ⅱ類（人文・社会科学系科目）講義科目,春,文学Ⅰ,水5,フォーグル， ヴァルター,対面授業（主として対面授業）,2023,"['商/商', '経/経済', '文/人文', '法/政治', '法/法律', '理']",90973,detail?ttblyr=2023&entno=90973&lang=jp
668,日吉,総合教育科目Ⅱ類（人文・社会科学系科目）講義科目,秋,美術Ⅱ,木3,荒木 文果,対面授業（主として対面授業）,2023,"['商/商', '経/経済', '法/法律', '法/政治', '文/人文', '理']",70213,detail?ttblyr=2023&entno=70213&lang=jp
669,日吉,総合教育科目選択必修（Ⅱ系）Ⅱ系　人文・社会系,春,歴史Ⅰ,月3,多和田 雅保,対面授業（主として対面授業）,2023,"['経/経済', '商/商', '文/人文', '法/法律', '法/政治', '理']",1845,detail?ttblyr=2023&entno=01845&lang=jp
670,日吉,総合教育科目選択必修（Ⅱ系）Ⅱ系　人文・社会系,秋,歴史Ⅱ,月5,矢久保 典良,対面授業（主として対面授業）,2023,"['経/経済', '商/商', '文/人文', '法/政治', '法/法律', '理']",37716,detail?ttblyr=2023&entno=37716&lang=jp
671,日吉,総合教育科目選択必修（Ⅱ系）Ⅱ系　人文・社会系,春,宗教学Ⅰ,金3,志田 雅宏,対面授業（主として対面授業）,2023,"['経/経済', '商/商', '文/人文', '法/政治', '法/法律', '理']",25949,detail?ttblyr=2023&entno=25949&lang=jp
674,日吉,人文科学科目選択,秋,地域文化論Ⅳ（ラテンアメリカ）,金4,岡本 年正,対面授業（主として対面授業）,2023,"['法/法律', '法/政治']",60178,detail?ttblyr=2023&entno=60178&lang=jp
676,日吉,総合教育科目選択必修（Ⅱ系）Ⅱ系　人文・社会系,春,哲学Ⅰ,金3,小山田 圭一,対面授業（主として対面授業）,2023,"['経/経済', '商/商', '文/人文', '法/法律', '法/政治', '理']",231,detail?ttblyr=2023&entno=00231&lang=jp
678,日吉,総合教育科目Ⅱ類（人文・社会科学系科目）講義科目,秋,哲学Ⅱ,水5,鴻 浩介,対面授業（主として対面授業）,2023,"['商/商', '経/経済', '文/人文', '法/法律', '法/政治', '理']",70672,detail?ttblyr=2023&entno=70672&lang=jp
679,日吉,総合教育科目選択必修（Ⅱ系）Ⅱ系　人文・社会系,秋,美術Ⅱ,月1,日野原 健司,オンライン授業（全回オンデマンド形式）,2023,"['経/経済', '商/商', '文/人文', '法/政治', '法/法律', '理']",76757,detail?ttblyr=2023&entno=76757&lang=jp
687,日吉,総合教育科目Ⅱ類（人文・社会科学系科目）講義科目,秋,音楽Ⅱ,水5,石井 明,対面授業（主として対面授業）,2023,"['商/商', '経/経済', '文/人文', '法/法律', '法/政治', '理']",65060,detail?ttblyr=2023&entno=65060&lang=jp
688,日吉,総合教育科目Ⅱ類（人文・社会科学系科目）講義科目,秋,文学Ⅱ,水2,津田 眞弓,対面授業（主として対面授業）,2023,"['商/商', '経/経済', '文/人文', '法/法律', '法/政治', '理']",84053,detail?ttblyr=2023&entno=84053&lang=jp
689,日吉,総合教育科目Ⅱ類（人文・社会科学系科目）講義科目,春,美術Ⅰ,木2,和田 菜穂子,対面授業（主として対面授業）,2023,"['商/商', '経/経済', '文/人文', '法/法律', '法/政治', '理']",32818,detail?ttblyr=2023&entno=32818&lang=jp
697,日吉,総合教育科目Ⅱ類（人文・社会科学系科目）講義科目,春,哲学Ⅰ,木3,鈴木 大地,対面授業（主として対面授業）,2023,"['商/商', '経/経済', '文/人文', '法/政治', '法/法律', '理']",26046,detail?ttblyr=2023&entno=26046&lang=jp
698,日吉,総合教育科目選択必修（Ⅱ系）Ⅱ系　人文・社会系,春,音楽Ⅰ,水2,福中 冬子,対面授業（主として対面授業）,2023,"['経/経済', '文/人文', '法/法律', '法/政治']",20177,detail?ttblyr=2023&entno=20177&lang=jp
700,日吉,総合教育科目選択必修（Ⅱ系）Ⅱ系　人文・社会系,秋,歴史Ⅱ,水3,片山 杜秀,対面授業（主として対面授業）,2023,"['経/経済', '文/人文', '法/法律', '法/政治']",77639,detail?ttblyr=2023&entno=77639&lang=jp
702,日吉,総合教育科目選択必修（Ⅰ系）Ⅰ系　自然・数理系,秋,論理学Ⅱ,月5,山崎 紗紀子,対面授業（主として対面授業）,2023,"['経/経済', '商/商', '文/人文', '法/法律', '法/政治', '理']",20661,detail?ttblyr=2023&entno=20661&lang=jp
705,日吉,総合教育科目選択必修（Ⅱ系）Ⅱ系　人文・社会系,春,美術Ⅰ,金4,金山 弘昌,対面授業（主として対面授業）,2023,"['経/経済', '商/商', '文/人文', '法/政治', '法/法律', '理']",51928,detail?ttblyr=2023&entno=51928&lang=jp
706,日吉,総合教育科目選択必修（Ⅱ系）Ⅱ系　人文・社会系,秋,倫理学Ⅱ,土2,久野 真隆,対面授業（主として対面授業）,2023,"['経/経済', '商/商', '文/人文', '法/政治', '法/法律', '理']",31075,detail?ttblyr=2023&entno=31075&lang=jp
713,日吉,総合教育科目選択必修（Ⅱ系）Ⅱ系　人文・社会系,春,美術Ⅰ,金2,樋口 一貴,対面授業（主として対面授業）,2023,"['経/経済', '商/商', '文/人文', '法/法律', '法/政治', '理']",36504,detail?ttblyr=2023&entno=36504&lang=jp
716,日吉,人文科学科目選択,秋,人文科学特論Ⅱ,月3,浜田 和範,対面授業（主として対面授業）,2023,"['法/政治', '法/法律']",40167,detail?ttblyr=2023&entno=40167&lang=jp
720,日吉,人文科学科目選択,春,社会における性Ⅰ,水5,大坪 真利子,対面授業（主として対面授業）,2023,"['法/法律', '法/政治']",40463,detail?ttblyr=2023&entno=40463&lang=jp
723,日吉,人文科学科目選択,秋,人文科学特論Ⅱ,木3,礒崎 敦仁,対面授業（主として対面授業）,2023,"['法/法律', '法/政治']",94964,detail?ttblyr=2023&entno=94964&lang=jp
724,日吉,総合教育科目選択必修（Ⅱ系）Ⅱ系　人文・社会系,秋,文学Ⅱ,金4,若澤 佑典,対面授業（主として対面授業）,2023,"['経/経済', '商/商', '文/人文', '法/法律', '法/政治', '理']",13896,detail?ttblyr=2023&entno=13896&lang=jp
725,日吉,総合教育科目Ⅱ類（人文・社会科学系科目）講義科目,秋,音楽Ⅱ,水3,木内 麻理子,対面授業（主として対面授業）,2023,"['商/商', '経/経済', '文/人文', '法/法律', '法/政治', '理']",30322,detail?ttblyr=2023&entno=30322&lang=jp
3127,日吉,外国語科目必修英語（初級）,春,英語第Ⅰ,金1,ロリエ， ジョエル,対面授業（主として対面授業）,2023,['法/法律'],17009,detail?ttblyr=2023&entno=17009&lang=jp
3128,日吉,外国語科目必修英語（初級）,春,英語第Ⅱ−レベル２,金1/金2,中垣 恒太郎,対面授業（主として対面授業）,2023,['法/法律'],4514,detail?ttblyr=2023&entno=04514&lang=jp
3129,日吉,外国語科目必修英語（初級）,春,英語第Ⅱ−レベル２,金1/金2,アイヴァジャン， リリス,対面授業（主として対面授業）,2023,['法/法律'],4548,detail?ttblyr=2023&entno=04548&lang=jp
3130,日吉,外国語科目必修中国語（初級）,春,中国語第Ⅰ,金1,渡部 れい子,対面授業（主として対面授業）,2023,['法/法律'],5817,detail?ttblyr=2023&entno=05817&lang=jp
3131,日吉,外国語科目必修中国語（初級）,春,中国語第Ⅰ,金1/金3,青木 正子,対面授業（主として対面授業）,2023,['法/法律'],6794,detail?ttblyr=2023&entno=06794&lang=jp
3132,日吉,外国語科目選択インテンシブ英語インテンシブ,春,英語インテンシブ(1年)（法律選択）,金1,横山 千晶,対面授業（主として対面授業）,2023,['法/法律'],5271,detail?ttblyr=2023&entno=05271&lang=jp
3133,日吉,外国語科目必修中国語（初級）,秋,中国語第Ⅱ,金1/金3,青木 正子,対面授業（主として対面授業）,2023,['法/法律'],9865,detail?ttblyr=2023&entno=09865&lang=jp
3134,日吉,外国語科目必修中国語（初級）,秋,中国語第Ⅱ,金1,渡部 れい子,対面授業（主として対面授業）,2023,['法/法律'],34975,detail?ttblyr=2023&entno=34975&lang=jp
3135,日吉,外国語科目必修英語（初級）,春,英語第Ⅰ,金1/金2,西野 方子,対面授業（主として対面授業）,2023,['法/政治'],5324,detail?ttblyr=2023&entno=05324&lang=jp
3136,日吉,外国語科目必修英語（初級）,春,英語第Ⅰ,金1/金2,小泉 由美子,対面授業（主として対面授業）,2023,['法/政治'],19048,detail?ttblyr=2023&entno=19048&lang=jp
3137,日吉,外国語科目必修英語（初級）,春,英語第Ⅰ,金1/金2/土1/土2,鈴木 透,対面授業（主として対面授業）,2023,['法/政治'],31809,detail?ttblyr=2023&entno=31809&lang=jp
3138,日吉,外国語科目必修フランス語（初級）,春,フランス語第Ⅰ,金1/水1,真部 清孝,対面授業（主として対面授業）,2023,['法/政治'],15594,detail?ttblyr=2023&entno=15594&lang=jp
3139,日吉,外国語科目必修スペイン語（初級）,春,スペイン語第Ⅰ,金1/水2,政田 利奈,対面授業（主として対面授業）,2023,['法/政治'],19765,detail?ttblyr=2023&entno=19765&lang=jp
3140,日吉,外国語科目選択インテンシブ英語インテンシブ,春,英語インテンシブ(1年)（政治選択）,金1,横山 千晶,対面授業（主として対面授業）,2023,['法/政治'],4461,detail?ttblyr=2023&entno=04461&lang=jp
3141,日吉,外国語科目必修英語（初級）,秋,英語第Ⅰ,金1/金2,大和田 俊之,対面授業（主として対面授業）,2023,['法/政治'],19822,detail?ttblyr=2023&entno=19822&lang=jp
3142,日吉,外国語科目必修フランス語（初級）,秋,フランス語第Ⅱ,金1/水1,真部 清孝,対面授業（主として対面授業）,2023,['法/政治'],15393,detail?ttblyr=2023&entno=15393&lang=jp
3143,日吉,外国語科目必修スペイン語（初級）,秋,スペイン語第Ⅱ,金1/水2,政田 利奈,対面授業（主として対面授業）,2023,['法/政治'],20105,detail?ttblyr=2023&entno=20105&lang=jp
3144,日吉,外国語科目必修英語（初級）,春,英語第Ⅰ,金2/金3,バック， ジョナサン,対面授業（主として対面授業）,2023,['法/法律'],15171,detail?ttblyr=2023&entno=15171&lang=jp
3145,日吉,外国語科目必修英語（初級）,春,英語第Ⅱ−レベル２,金2,新名 ますみ,対面授業（主として対面授業）,2023,['法/法律'],3867,detail?ttblyr=2023&entno=03867&lang=jp
3146,日吉,外国語科目必修フランス語（初級）,春,フランス語第Ⅰ,金2/月3,家山 也寿生,対面授業（主として対面授業）,2023,['法/法律'],8084,detail?ttblyr=2023&entno=08084&lang=jp
3147,日吉,外国語科目必修中国語（初級）,春,中国語第Ⅰ,金2/金3,余 志紅,対面授業（主として対面授業）,2023,['法/法律'],33156,detail?ttblyr=2023&entno=33156&lang=jp
3148,日吉,外国語科目必修英語（中級）,春,英語第Ⅳ−レベル１,金2,ウェセルホフ， ローリー Ｌ．,対面授業（主として対面授業）,2023,['法/法律'],14888,detail?ttblyr=2023&entno=14888&lang=jp
3149,日吉,外国語科目必修英語（中級）,春,英語第Ⅳ−レベル２,金2,バロウス， リチャード Ｊ．,対面授業（主として対面授業）,2023,['法/法律'],18445,detail?ttblyr=2023&entno=18445&lang=jp
3150,日吉,外国語科目選択インテンシブ英語インテンシブ,春,英語インテンシブ(1年)（法律選択）,金2,ヘンク， ニコラス,対面授業（主として対面授業）,2023,['法/法律'],4313,detail?ttblyr=2023&entno=04313&lang=jp
3151,日吉,外国語科目選択インテンシブスペイン語インテンシブ,春,スペイン語インテンシブ(1年)（法律選択）,金2,政田 利奈,対面授業（主として対面授業）,2023,['法/法律'],5635,detail?ttblyr=2023&entno=05635&lang=jp
3152,日吉,外国語科目必修フランス語（初級）,秋,フランス語第Ⅱ,金2/月3,家山 也寿生,対面授業（主として対面授業）,2023,['法/法律'],12781,detail?ttblyr=2023&entno=12781&lang=jp
3153,日吉,外国語科目必修中国語（初級）,秋,中国語第Ⅱ,金2/金3,余 志紅,対面授業（主として対面授業）,2023,['法/法律'],33797,detail?ttblyr=2023&entno=33797&lang=jp
3154,日吉,外国語科目必修スペイン語（初級）,春,スペイン語第Ⅰ,金2/水5,岡本 年正,対面授業（主として対面授業）,2023,['法/政治'],21099,detail?ttblyr=2023&entno=21099&lang=jp
3155,日吉,外国語科目必修スペイン語（初級）,春,スペイン語第Ⅰ,金2/水5,藤本 愛,対面授業（主として対面授業）,2023,['法/政治'],61762,detail?ttblyr=2023&entno=61762&lang=jp
3156,日吉,外国語科目選択インテンシブ英語インテンシブ,春,英語インテンシブ(1年)（政治選択）,金2,ヘンク， ニコラス,対面授業（主として対面授業）,2023,['法/政治'],4328,detail?ttblyr=2023&entno=04328&lang=jp
3157,日吉,外国語科目必修スペイン語（初級）,秋,スペイン語第Ⅱ,金2/水5,岡本 年正,対面授業（主として対面授業）,2023,['法/政治'],21103,detail?ttblyr=2023&entno=21103&lang=jp
3158,日吉,外国語科目必修スペイン語（初級）,秋,スペイン語第Ⅱ,金2/水5,藤本 愛,対面授業（主として対面授業）,2023,['法/政治'],26099,detail?ttblyr=2023&entno=26099&lang=jp
3159,日吉,外国語科目必修英語（初級）,春,英語第Ⅱ−レベル２,金3/金4,守重 真雄,対面授業（主として対面授業）,2023,['法/法律'],15152,detail?ttblyr=2023&entno=15152&lang=jp
3160,日吉,外国語科目必修フランス語（初級）,春,フランス語第Ⅰ,金3/月2,設楽 聡子,対面授業（主として対面授業）,2023,['法/法律'],15059,detail?ttblyr=2023&entno=15059&lang=jp
3161,日吉,外国語科目必修スペイン語（初級）,春,スペイン語第Ⅰ,金3/火3,高際 裕哉,対面授業（主として対面授業）,2023,['法/法律'],18593,detail?ttblyr=2023&entno=18593&lang=jp
3162,日吉,外国語科目必修朝鮮語（初級）,春,朝鮮語第Ⅰ,金3/水4,沈 永三,対面授業（主として対面授業）,2023,['法/法律'],27702,detail?ttblyr=2023&entno=27702&lang=jp
3163,日吉,外国語科目必修英語（中級）,春,英語インテンシブ(1年)（法律必修）,金3/月5/木3,カーンス， ハリー Ｄ．,対面授業（主として対面授業）,2023,['法/法律'],9830,detail?ttblyr=2023&entno=09830&lang=jp
3164,日吉,外国語科目必修英語（中級）,春,英語第Ⅳ−レベル２,金3,ウェセルホフ， ローリー Ｌ．,対面授業（主として対面授業）,2023,['法/法律'],27939,detail?ttblyr=2023&entno=27939&lang=jp
3165,日吉,外国語科目必修ドイツ語（中級）,春,ドイツ語インテンシブ（中級）（法律必修）,金3,ブッヘンベルゲル， ステファン,対面授業（主として対面授業）,2023,['法/法律'],13109,detail?ttblyr=2023&entno=13109&lang=jp
3166,日吉,外国語科目選択インテンシブロシア語インテンシブ,春,ロシア語インテンシブ(1年)（法律選択）,金3,深澤 洋子,対面授業（主として対面授業）,2023,['法/法律'],4256,detail?ttblyr=2023&entno=04256&lang=jp
3167,日吉,外国語科目選択インテンシブ朝鮮語インテンシブ,春,朝鮮語インテンシブ（1年）（法律選択）,金3/水3,崔 鶴山,対面授業（主として対面授業）,2023,['法/法律'],10605,detail?ttblyr=2023&entno=10605&lang=jp
3168,日吉,外国語科目必修英語（初級）,秋,英語第Ⅱ−レベル２,金3/金4/水2/水3,小泉 由美子,対面授業（主として対面授業）,2023,['法/法律'],14869,detail?ttblyr=2023&entno=14869&lang=jp
3169,日吉,外国語科目必修フランス語（初級）,秋,フランス語第Ⅱ,金3/月2,設楽 聡子,対面授業（主として対面授業）,2023,['法/法律'],8706,detail?ttblyr=2023&entno=08706&lang=jp
3170,日吉,外国語科目必修スペイン語（初級）,秋,スペイン語第Ⅱ,金3/火3,高際 裕哉,対面授業（主として対面授業）,2023,['法/法律'],12136,detail?ttblyr=2023&entno=12136&lang=jp
3171,日吉,外国語科目必修朝鮮語（初級）,秋,朝鮮語第Ⅱ,金3/水4,沈 永三,対面授業（主として対面授業）,2023,['法/法律'],27884,detail?ttblyr=2023&entno=27884&lang=jp
3172,日吉,外国語科目必修中国語（初級）,春,中国語第Ⅰ,金3/火1,益西 拉姆,対面授業（主として対面授業）,2023,['法/政治'],8099,detail?ttblyr=2023&entno=08099&lang=jp
3173,日吉,外国語科目必修英語（中級）,春,英語インテンシブ(1年)（政治必修）,金3/月5/木3,カーンス， ハリー Ｄ．,対面授業（主として対面授業）,2023,['法/政治'],10677,detail?ttblyr=2023&entno=10677&lang=jp
3174,日吉,外国語科目必修ドイツ語（中級）,春,ドイツ語インテンシブ（中級）（政治必修）,金3,ブッヘンベルゲル， ステファン,対面授業（主として対面授業）,2023,['法/政治'],13094,detail?ttblyr=2023&entno=13094&lang=jp
3175,日吉,外国語科目選択インテンシブロシア語インテンシブ,春,ロシア語インテンシブ(1年)（政治選択）,金3,深澤 洋子,対面授業（主として対面授業）,2023,['法/政治'],4571,detail?ttblyr=2023&entno=04571&lang=jp
3176,日吉,外国語科目選択インテンシブ朝鮮語インテンシブ,春,朝鮮語インテンシブ（1年）（政治選択）,金3/水3,崔 鶴山,対面授業（主として対面授業）,2023,['法/政治'],2875,detail?ttblyr=2023&entno=02875&lang=jp
3177,日吉,外国語科目必修中国語（初級）,秋,中国語第Ⅱ,金3/火1,益西 拉姆,対面授業（主として対面授業）,2023,['法/政治'],18081,detail?ttblyr=2023&entno=18081&lang=jp
3178,日吉,外国語科目必修英語（初級）,春,英語第Ⅰ,金4/金5,小室 龍之介,対面授業（主として対面授業）,2023,['法/法律'],15518,detail?ttblyr=2023&entno=15518&lang=jp
3179,日吉,外国語科目必修英語（初級）,春,英語第Ⅱ−レベル２,金4/金5,小杉 弥生,対面授業（主として対面授業）,2023,['法/法律'],32805,detail?ttblyr=2023&entno=32805&lang=jp
3180,日吉,外国語科目必修スペイン語（初級）,春,スペイン語第Ⅰ,金4/火4,杉下 由紀子,対面授業（主として対面授業）,2023,['法/法律'],37462,detail?ttblyr=2023&entno=37462&lang=jp
3181,日吉,外国語科目必修英語（中級）,春,英語第Ⅳ−レベル１,金4,柴田 恭子,対面授業（主として対面授業）,2023,['法/法律'],15224,detail?ttblyr=2023&entno=15224&lang=jp
3182,日吉,外国語科目必修英語（中級）,春,英語第Ⅳ−レベル２,金4,ドゥモビッチ， ジョン,対面授業（主として対面授業）,2023,['法/法律'],6866,detail?ttblyr=2023&entno=06866&lang=jp
3183,日吉,外国語科目必修ドイツ語（中級）,春,ドイツ語インテンシブ（初級）（法律必修）,金4,シュミット， ウテ,対面授業（主として対面授業）,2023,['法/法律'],13348,detail?ttblyr=2023&entno=13348&lang=jp
3184,日吉,外国語科目必修朝鮮語（中級）,春,朝鮮語インテンシブ（1年）（法律必修）,金4,沈 永三,対面授業（主として対面授業）,2023,['法/法律'],9696,detail?ttblyr=2023&entno=09696&lang=jp
3185,日吉,外国語科目選択インテンシブドイツ語インテンシブ,春,ドイツ語インテンシブ（中級）（法律選択）,金4,ブッヘンベルゲル， ステファン,対面授業（主として対面授業）,2023,['法/法律'],14048,detail?ttblyr=2023&entno=14048&lang=jp
3186,日吉,外国語科目選択インテンシブフランス語インテンシブ,春,フランス語インテンシブ(1年)（既習）（法律選択）,金4/木5,ボダン， エマニュエル,対面授業（主として対面授業）,2023,['法/法律'],16089,detail?ttblyr=2023&entno=16089&lang=jp
3187,日吉,外国語科目選択インテンシブロシア語インテンシブ,春,ロシア語インテンシブ(1年)（法律選択）,金4,三神 エレーナ,対面授業（主として対面授業）,2023,['法/法律'],6483,detail?ttblyr=2023&entno=06483&lang=jp
3188,日吉,外国語科目必修スペイン語（初級）,秋,スペイン語第Ⅱ,金4/火4,杉下 由紀子,対面授業（主として対面授業）,2023,['法/法律'],40140,detail?ttblyr=2023&entno=40140&lang=jp
3189,日吉,外国語科目選択インテンシブフランス語インテンシブ,秋,フランス語インテンシブ(1年)（既習）（法律選択）,金4/木5,シュドル， フローレンス容子,対面授業（主として対面授業）,2023,['法/法律'],14473,detail?ttblyr=2023&entno=14473&lang=jp
3190,日吉,外国語科目必修英語（初級）,春,英語第Ⅰ,金4,鈴木 孫和,対面授業（主として対面授業）,2023,['法/政治'],6684,detail?ttblyr=2023&entno=06684&lang=jp
3191,日吉,外国語科目必修ドイツ語（初級）,春,ドイツ語第Ⅰ,金4/月4,滝藤 早苗,対面授業（主として対面授業）,2023,['法/政治'],5764,detail?ttblyr=2023&entno=05764&lang=jp
3192,日吉,外国語科目必修スペイン語（初級）,春,スペイン語第Ⅰ,金4/月5,伊香 祝子,対面授業（主として対面授業）,2023,['法/政治'],12388,detail?ttblyr=2023&entno=12388&lang=jp
3193,日吉,外国語科目必修ドイツ語（中級）,春,ドイツ語インテンシブ（初級）（政治必修）,金4,シュミット， ウテ,対面授業（主として対面授業）,2023,['法/政治'],13003,detail?ttblyr=2023&entno=13003&lang=jp
3194,日吉,外国語科目必修朝鮮語（中級）,春,朝鮮語インテンシブ（1年）（政治必修）,金4,沈 永三,対面授業（主として対面授業）,2023,['法/政治'],10844,detail?ttblyr=2023&entno=10844&lang=jp
3195,日吉,外国語科目選択インテンシブドイツ語インテンシブ,春,ドイツ語インテンシブ（中級）（政治選択）,金4,ブッヘンベルゲル， ステファン,対面授業（主として対面授業）,2023,['法/政治'],14052,detail?ttblyr=2023&entno=14052&lang=jp
3196,日吉,外国語科目選択インテンシブ中国語インテンシブ,春,中国語インテンシブ(1年)（政治選択）,金4,益西 拉姆,対面授業（主として対面授業）,2023,['法/政治'],25917,detail?ttblyr=2023&entno=25917&lang=jp
3197,日吉,外国語科目選択インテンシブロシア語インテンシブ,春,ロシア語インテンシブ(1年)（政治選択）,金4,三神 エレーナ,対面授業（主として対面授業）,2023,['法/政治'],6813,detail?ttblyr=2023&entno=06813&lang=jp
3198,日吉,外国語科目必修ドイツ語（初級）,秋,ドイツ語第Ⅱ,金4/月4,滝藤 早苗,対面授業（主として対面授業）,2023,['法/政治'],9425,detail?ttblyr=2023&entno=09425&lang=jp
3199,日吉,外国語科目必修スペイン語（初級）,秋,スペイン語第Ⅱ,金4/月5,伊香 祝子,対面授業（主として対面授業）,2023,['法/政治'],13035,detail?ttblyr=2023&entno=13035&lang=jp
3200,日吉,外国語科目必修ロシア語（初級）,春,ロシア語第Ⅰ,金5,深澤 洋子,対面授業（主として対面授業）,2023,['法/法律'],4878,detail?ttblyr=2023&entno=04878&lang=jp
3201,日吉,外国語科目必修英語（中級）,春,英語第Ⅳ−レベル１,金5,ドゥモビッチ， ジョン,対面授業（主として対面授業）,2023,['法/法律'],12667,detail?ttblyr=2023&entno=12667&lang=jp
3202,日吉,外国語科目選択インテンシブドイツ語インテンシブ,春,ドイツ語インテンシブ（初級）（法律選択）,金5,シュミット， ウテ,対面授業（主として対面授業）,2023,['法/法律'],20604,detail?ttblyr=2023&entno=20604&lang=jp
3203,日吉,外国語科目必修ロシア語（初級）,秋,ロシア語第Ⅱ,金5,深澤 洋子,対面授業（主として対面授業）,2023,['法/法律'],10210,detail?ttblyr=2023&entno=10210&lang=jp
3204,日吉,外国語科目必修スペイン語（初級）,春,スペイン語第Ⅰ,金5/水4,荻野 恵,対面授業（主として対面授業）,2023,['法/政治'],21118,detail?ttblyr=2023&entno=21118&lang=jp
3205,日吉,外国語科目選択インテンシブドイツ語インテンシブ,春,ドイツ語インテンシブ（初級）（政治選択）,金5,シュミット， ウテ,対面授業（主として対面授業）,2023,['法/政治'],20590,detail?ttblyr=2023&entno=20590&lang=jp
3206,日吉,外国語科目必修スペイン語（初級）,秋,スペイン語第Ⅱ,金5/水4,荻野 恵,対面授業（主として対面授業）,2023,['法/政治'],21084,detail?ttblyr=2023&entno=21084&lang=jp
3207,日吉,外国語科目必修英語（初級）,春,英語第Ⅱ−レベル２,月3/水5,ボンジー， アラーナ Ｒ．,対面授業（主として対面授業）,2023,['法/法律'],4749,detail?ttblyr=2023&entno=04749&lang=jp
3208,日吉,外国語科目必修ドイツ語（初級）,春,ドイツ語第Ⅰ,月3/火2,岡本 和子,対面授業（主として対面授業）,2023,['法/法律'],3704,detail?ttblyr=2023&entno=03704&lang=jp
3209,日吉,外国語科目選択インテンシブ中国語インテンシブ,春,中国語インテンシブ(1年)（法律選択）,月3,李 軍,対面授業（主として対面授業）,2023,['法/法律'],11728,detail?ttblyr=2023&entno=11728&lang=jp
3210,日吉,外国語科目必修ドイツ語（初級）,秋,ドイツ語第Ⅱ,月3/火2,岡本 和子,対面授業（主として対面授業）,2023,['法/法律'],8285,detail?ttblyr=2023&entno=08285&lang=jp
3211,日吉,外国語科目必修英語（初級）,春,英語第Ⅰ,月4/月5,佐藤 元状,対面授業（主として対面授業）,2023,['法/法律'],2220,detail?ttblyr=2023&entno=02220&lang=jp
3212,日吉,外国語科目必修英語（初級）,春,英語第Ⅱ−レベル２,月4/月5,グールド， フレイジャー,対面授業（主として対面授業）,2023,['法/法律'],7274,detail?ttblyr=2023&entno=07274&lang=jp
3213,日吉,外国語科目必修英語（初級）,春,英語第Ⅱ−レベル２,月4/月5,吉川 正人,対面授業（主として対面授業）,2023,['法/法律'],7590,detail?ttblyr=2023&entno=07590&lang=jp
3214,日吉,外国語科目必修スペイン語（初級）,春,スペイン語第Ⅰ,月4/木4,大場 樹精,対面授業（主として対面授業）,2023,['法/法律'],4457,detail?ttblyr=2023&entno=04457&lang=jp
3215,日吉,外国語科目必修英語（中級）,春,英語第Ⅳ−レベル２,月4,トーマス， ダックス,対面授業（主として対面授業）,2023,['法/法律'],17195,detail?ttblyr=2023&entno=17195&lang=jp
3216,日吉,外国語科目必修スペイン語（中級）,春,スペイン語インテンシブ(1年)（法律必修）,月4,浜田 和範,対面授業（主として対面授業）,2023,['法/法律'],32752,detail?ttblyr=2023&entno=32752&lang=jp
3217,日吉,外国語科目必修ロシア語（中級）,春,ロシア語インテンシブ(1年)（法律必修）,月4,熊野谷 葉子,対面授業（主として対面授業）,2023,['法/法律'],7183,detail?ttblyr=2023&entno=07183&lang=jp
3218,日吉,外国語科目必修英語（初級）,秋,英語第Ⅱ−レベル２,月4/月5,近野 幹結,対面授業（主として対面授業）,2023,['法/法律'],9482,detail?ttblyr=2023&entno=09482&lang=jp
3219,日吉,外国語科目必修スペイン語（初級）,秋,スペイン語第Ⅱ,月4/木4,大場 樹精,対面授業（主として対面授業）,2023,['法/法律'],9922,detail?ttblyr=2023&entno=09922&lang=jp
3220,日吉,外国語科目必修ドイツ語（初級）,春,ドイツ語第Ⅰ,月4/月5/木4/木5,橘 宏亮,対面授業（主として対面授業）,2023,['法/政治'],16419,detail?ttblyr=2023&entno=16419&lang=jp
3221,日吉,外国語科目必修ロシア語（中級）,春,ロシア語インテンシブ(1年)（政治必修）,月4,熊野谷 葉子,対面授業（主として対面授業）,2023,['法/政治'],7179,detail?ttblyr=2023&entno=07179&lang=jp
3222,日吉,外国語科目必修ドイツ語（初級）,秋,ドイツ語第Ⅱ,月4/月5/木4/木5,橘 宏亮,対面授業（主として対面授業）,2023,['法/政治'],16438,detail?ttblyr=2023&entno=16438&lang=jp
3223,日吉,外国語科目必修フランス語（初級）,春,フランス語第Ⅰ,月5/木1,余語 毅憲,対面授業（主として対面授業）,2023,['法/法律'],5965,detail?ttblyr=2023&entno=05965&lang=jp
3224,日吉,外国語科目必修英語（中級）,春,英語第Ⅳ−レベル１,月5,バロウス， リチャード Ｊ．,対面授業（主として対面授業）,2023,['法/法律'],7260,detail?ttblyr=2023&entno=07260&lang=jp
3225,日吉,外国語科目必修英語（中級）,春,英語第Ⅳ−レベル２,月5,ロビンソン， ピーター,対面授業（主として対面授業）,2023,['法/法律'],15503,detail?ttblyr=2023&entno=15503&lang=jp
3226,日吉,外国語科目選択インテンシブ中国語インテンシブ,春,中国語インテンシブ(1年)（法律選択）,月5,許 家晟,対面授業（主として対面授業）,2023,['法/法律'],15283,detail?ttblyr=2023&entno=15283&lang=jp
3227,日吉,外国語科目必修フランス語（初級）,秋,フランス語第Ⅱ,月5/木1,余語 毅憲,対面授業（主として対面授業）,2023,['法/法律'],9789,detail?ttblyr=2023&entno=09789&lang=jp
3228,日吉,外国語科目選択インテンシブフランス語インテンシブ,春,フランス語インテンシブ(1年)（既習）（政治選択）,月5/水4,アンリ， ナタリー,対面授業（主として対面授業）,2023,['法/政治'],14435,detail?ttblyr=2023&entno=14435&lang=jp
3229,日吉,外国語科目選択ドイツ語,春,ドイツ語インテンシブ海外研修（共同担当）,特殊,三瓶 愼一 他,対面授業（主として対面授業）,2023,['法/法律'],70581,detail?ttblyr=2023&entno=70581&lang=jp
3230,日吉,外国語科目必修英語（初級）,春,英語第Ⅱ−レベル２,土1/土2,鷲 直仁,対面授業（主として対面授業）,2023,['法/法律'],5783,detail?ttblyr=2023&entno=05783&lang=jp
3231,日吉,外国語科目必修英語（初級）,春,英語第Ⅱ−レベル２,土1/土2,ローザ， マーク,対面授業（主として対面授業）,2023,['法/法律'],18010,detail?ttblyr=2023&entno=18010&lang=jp
3232,日吉,外国語科目必修英語（中級）,春,英語第Ⅳ−レベル１,土1,中村 寛,対面授業（主として対面授業）,2023,['法/法律'],14272,detail?ttblyr=2023&entno=14272&lang=jp
3233,日吉,外国語科目必修英語（中級）,春,英語第Ⅳ−レベル１,土1,スタウト， マイケル,対面授業（主として対面授業）,2023,['法/法律'],15937,detail?ttblyr=2023&entno=15937&lang=jp
3234,日吉,外国語科目必修英語（中級）,春,英語第Ⅳ−レベル２,土1,ミリナー， ブレット,対面授業（主として対面授業）,2023,['法/法律'],29472,detail?ttblyr=2023&entno=29472&lang=jp
3235,日吉,外国語科目必修ドイツ語（中級）,春,ドイツ語インテンシブ（中級）（法律必修）,土1,オルランド， ダビデ,対面授業（主として対面授業）,2023,['法/法律'],13238,detail?ttblyr=2023&entno=13238&lang=jp
3236,日吉,外国語科目必修ドイツ語（中級）,春,ドイツ語インテンシブ（中級）（政治必修）,土1,オルランド， ダビデ,対面授業（主として対面授業）,2023,['法/政治'],13223,detail?ttblyr=2023&entno=13223&lang=jp
3237,日吉,外国語科目必修英語（中級）,春,英語第Ⅳ−レベル１,土2,ミリナー， ブレット,対面授業（主として対面授業）,2023,['法/法律'],20069,detail?ttblyr=2023&entno=20069&lang=jp
3238,日吉,外国語科目必修英語（中級）,春,英語第Ⅳ−レベル２,土2,スタウト， マイケル,対面授業（主として対面授業）,2023,['法/法律'],7312,detail?ttblyr=2023&entno=07312&lang=jp
3239,日吉,外国語科目必修英語（中級）,春,英語第Ⅳ−レベル２,土2,中村 寛,対面授業（主として対面授業）,2023,['法/法律'],29745,detail?ttblyr=2023&entno=29745&lang=jp
3240,日吉,外国語科目選択インテンシブドイツ語インテンシブ,春,ドイツ語インテンシブ（中級）（法律選択）,土2,オルランド， ダビデ,対面授業（主として対面授業）,2023,['法/法律'],13625,detail?ttblyr=2023&entno=13625&lang=jp
3241,日吉,外国語科目必修中国語（初級）,春,中国語第Ⅰ,土2,杜 新,対面授業（主として対面授業）,2023,['法/政治'],33122,detail?ttblyr=2023&entno=33122&lang=jp
3242,日吉,外国語科目選択インテンシブドイツ語インテンシブ,春,ドイツ語インテンシブ（中級）（政治選択）,土2,オルランド， ダビデ,対面授業（主として対面授業）,2023,['法/政治'],14014,detail?ttblyr=2023&entno=14014&lang=jp
3243,日吉,外国語科目必修中国語（初級）,秋,中国語第Ⅱ,土2,杜 新,対面授業（主として対面授業）,2023,['法/政治'],33778,detail?ttblyr=2023&entno=33778&lang=jp
3244,日吉,外国語科目選択インテンシブ中国語インテンシブ,春,中国語インテンシブ(1年)（政治選択）,土3,杜 新,対面授業（主として対面授業）,2023,['法/政治'],25481,detail?ttblyr=2023&entno=25481&lang=jp
3245,日吉,外国語科目必修英語（初級）,春,英語第Ⅰ,木1/木3/火3/火4,常山 菜穂子,対面授業（主として対面授業）,2023,['法/法律'],17673,detail?ttblyr=2023&entno=17673&lang=jp
3246,日吉,外国語科目必修スペイン語（初級）,春,スペイン語第Ⅰ,木1/水4,仲道 慎治,対面授業（主として対面授業）,2023,['法/法律'],5468,detail?ttblyr=2023&entno=05468&lang=jp
3247,日吉,外国語科目必修スペイン語（初級）,春,スペイン語第Ⅰ,木1/水2,折井 善果,対面授業（主として対面授業）,2023,['法/法律'],34863,detail?ttblyr=2023&entno=34863&lang=jp
3248,日吉,外国語科目選択インテンシブフランス語インテンシブ,春,フランス語インテンシブ(1年)（法律選択）,木1,大出 敦,対面授業（主として対面授業）,2023,['法/法律'],15192,detail?ttblyr=2023&entno=15192&lang=jp
3249,日吉,外国語科目必修スペイン語（初級）,秋,スペイン語第Ⅱ,木1/水4,仲道 慎治,対面授業（主として対面授業）,2023,['法/法律'],9755,detail?ttblyr=2023&entno=09755&lang=jp
3250,日吉,外国語科目必修スペイン語（初級）,秋,スペイン語第Ⅱ,木1/水2,折井 善果,対面授業（主として対面授業）,2023,['法/法律'],34878,detail?ttblyr=2023&entno=34878&lang=jp
3251,日吉,外国語科目必修英語（初級）,春,英語第Ⅰ,木3/木4,山下 芳典,対面授業（主として対面授業）,2023,['法/法律'],15516,detail?ttblyr=2023&entno=15516&lang=jp
3252,日吉,外国語科目必修英語（初級）,春,英語第Ⅱ−レベル２,木3/木4,小泉 有加,対面授業（主として対面授業）,2023,['法/法律'],30889,detail?ttblyr=2023&entno=30889&lang=jp
3253,日吉,外国語科目必修ドイツ語（初級）,春,ドイツ語第Ⅰ,木3/火5,小野 竜史,対面授業（主として対面授業）,2023,['法/法律'],6464,detail?ttblyr=2023&entno=06464&lang=jp
3254,日吉,外国語科目必修アラビア語（初級）,春,アラビア語第Ⅰ,木3/水3,大隼 エヴァ,対面授業（主として対面授業）,2023,['法/法律'],5050,detail?ttblyr=2023&entno=05050&lang=jp
3255,日吉,外国語科目必修英語（中級）,春,英語第Ⅳ−レベル１,木3,星野 真志,対面授業（主として対面授業）,2023,['法/法律'],14926,detail?ttblyr=2023&entno=14926&lang=jp
3256,日吉,外国語科目必修英語（中級）,春,英語第Ⅳ−レベル２,木3/木4,横山 千晶,対面授業（主として対面授業）,2023,['法/法律'],4241,detail?ttblyr=2023&entno=04241&lang=jp
3257,日吉,外国語科目必修英語（中級）,春,英語第Ⅳ−レベル２,木3,津田 敦子,対面授業（主として対面授業）,2023,['法/法律'],6445,detail?ttblyr=2023&entno=06445&lang=jp
3258,日吉,外国語科目必修英語（中級）,春,外国語特殊（英語）,木3/火3,ヘンク， ニコラス,対面授業（主として対面授業）,2023,['法/法律'],18646,detail?ttblyr=2023&entno=18646&lang=jp
3259,日吉,外国語科目必修中国語（中級）,春,中国語インテンシブ(1年)（法律必修）,木3,磯部 靖,対面授業（主として対面授業）,2023,['法/法律'],5248,detail?ttblyr=2023&entno=05248&lang=jp
3260,日吉,外国語科目選択インテンシブドイツ語インテンシブ,春,ドイツ語インテンシブ（初級）（法律選択）,木3,許 光俊,対面授業（主として対面授業）,2023,['法/法律'],18058,detail?ttblyr=2023&entno=18058&lang=jp
3261,日吉,外国語科目選択インテンシブフランス語インテンシブ,春,フランス語インテンシブ(1年)（法律選択）,木3,ベルナール・ミルティル， ロランス,対面授業（主として対面授業）,2023,['法/法律'],17214,detail?ttblyr=2023&entno=17214&lang=jp
3262,日吉,外国語科目必修ドイツ語（初級）,秋,ドイツ語第Ⅱ,木3/火5,小野 竜史,対面授業（主として対面授業）,2023,['法/法律'],7676,detail?ttblyr=2023&entno=07676&lang=jp
3263,日吉,外国語科目必修アラビア語（初級）,秋,アラビア語第Ⅱ,木3/水3,大隼 エヴァ,対面授業（主として対面授業）,2023,['法/法律'],5079,detail?ttblyr=2023&entno=05079&lang=jp
3264,日吉,外国語科目必修英語（初級）,春,英語第Ⅰ,木3/木4,杉本 文四郎,対面授業（主として対面授業）,2023,['法/政治'],6703,detail?ttblyr=2023&entno=06703&lang=jp
3265,日吉,外国語科目必修英語（初級）,春,英語第Ⅰ,木3/木4,多々良 直弘,対面授業（主として対面授業）,2023,['法/政治'],6919,detail?ttblyr=2023&entno=06919&lang=jp
3266,日吉,外国語科目必修英語（初級）,春,英語第Ⅰ,木3/木4,大野 真澄,対面授業（主として対面授業）,2023,['法/政治'],16203,detail?ttblyr=2023&entno=16203&lang=jp
3267,日吉,外国語科目必修フランス語（初級）,春,フランス語第Ⅰ,木3/火3,縣 由衣子,対面授業（主として対面授業）,2023,['法/政治'],15298,detail?ttblyr=2023&entno=15298&lang=jp
3268,日吉,外国語科目選択インテンシブドイツ語インテンシブ,春,ドイツ語インテンシブ（初級）（政治選択）,木3,許 光俊,対面授業（主として対面授業）,2023,['法/政治'],18062,detail?ttblyr=2023&entno=18062&lang=jp
3269,日吉,外国語科目必修フランス語（初級）,秋,フランス語第Ⅱ,木3/火3,縣 由衣子 他,対面授業（主として対面授業）,2023,['法/政治'],14841,detail?ttblyr=2023&entno=14841&lang=jp
3270,日吉,外国語科目必修中国語（初級）,春,中国語第Ⅰ,木4,井上 一之,対面授業（主として対面授業）,2023,['法/法律'],31995,detail?ttblyr=2023&entno=31995&lang=jp
3271,日吉,外国語科目必修英語（中級）,春,英語第Ⅳ−レベル１,木4,津田 敦子,対面授業（主として対面授業）,2023,['法/法律'],5487,detail?ttblyr=2023&entno=05487&lang=jp
3272,日吉,外国語科目必修ドイツ語（中級）,春,ドイツ語インテンシブ（中級）（法律必修）,木4,許 光俊,対面授業（主として対面授業）,2023,['法/法律'],13439,detail?ttblyr=2023&entno=13439&lang=jp
3273,日吉,外国語科目選択インテンシブ英語インテンシブ,春,英語インテンシブ(1年)（法律選択）,木4,平沢 慎也,対面授業（主として対面授業）,2023,['法/法律'],14558,detail?ttblyr=2023&entno=14558&lang=jp
3274,日吉,外国語科目必修中国語（初級）,秋,中国語第Ⅱ,木4,井上 一之,対面授業（主として対面授業）,2023,['法/法律'],31593,detail?ttblyr=2023&entno=31593&lang=jp
3275,日吉,外国語科目必修英語（中級）,秋,英語第Ⅳ−レベル２,木4,大和田 俊之,対面授業（主として対面授業）,2023,['法/法律'],29726,detail?ttblyr=2023&entno=29726&lang=jp
3276,日吉,外国語科目必修ドイツ語（初級）,春,ドイツ語第Ⅰ,木4/火3,三瓶 愼一,対面授業（主として対面授業）,2023,['法/政治'],15962,detail?ttblyr=2023&entno=15962&lang=jp
3277,日吉,外国語科目必修フランス語（初級）,春,フランス語第Ⅰ,木4/火5,西部 由里子,対面授業（主として対面授業）,2023,['法/政治'],15580,detail?ttblyr=2023&entno=15580&lang=jp
3278,日吉,外国語科目必修中国語（初級）,春,中国語第Ⅰ,木4/火4,磯部 靖,対面授業（主として対面授業）,2023,['法/政治'],54779,detail?ttblyr=2023&entno=54779&lang=jp
3279,日吉,外国語科目必修朝鮮語（初級）,春,朝鮮語第Ⅰ,木4/水4,韓 晶恵,対面授業（主として対面授業）,2023,['法/政治'],13405,detail?ttblyr=2023&entno=13405&lang=jp
3280,日吉,外国語科目必修ドイツ語（中級）,春,ドイツ語インテンシブ（中級）（政治必修）,木4,許 光俊,対面授業（主として対面授業）,2023,['法/政治'],13443,detail?ttblyr=2023&entno=13443&lang=jp
3281,日吉,外国語科目選択インテンシブ英語インテンシブ,春,英語インテンシブ(1年)（政治選択）,木4,平沢 慎也,対面授業（主として対面授業）,2023,['法/政治'],14562,detail?ttblyr=2023&entno=14562&lang=jp
3282,日吉,外国語科目選択インテンシブフランス語インテンシブ,春,フランス語インテンシブ(1年)（政治選択）,木4,村上 由美,対面授業（主として対面授業）,2023,['法/政治'],15556,detail?ttblyr=2023&entno=15556&lang=jp
3283,日吉,外国語科目選択インテンシブスペイン語インテンシブ,春,スペイン語インテンシブ(1年)（政治選択）,木4,ヤマシロ， リタ Ｂ．,対面授業（主として対面授業）,2023,['法/政治'],11656,detail?ttblyr=2023&entno=11656&lang=jp
3284,日吉,外国語科目必修ドイツ語（初級）,秋,ドイツ語第Ⅱ,木4/火3,三瓶 愼一,対面授業（主として対面授業）,2023,['法/政治'],10023,detail?ttblyr=2023&entno=10023&lang=jp
3285,日吉,外国語科目必修フランス語（初級）,秋,フランス語第Ⅱ,木4/火5,西部 由里子,対面授業（主として対面授業）,2023,['法/政治'],15188,detail?ttblyr=2023&entno=15188&lang=jp
3286,日吉,外国語科目必修中国語（初級）,秋,中国語第Ⅱ,木4/火4,磯部 靖,対面授業（主として対面授業）,2023,['法/政治'],26759,detail?ttblyr=2023&entno=26759&lang=jp
3287,日吉,外国語科目必修朝鮮語（初級）,秋,朝鮮語第Ⅱ,木4/水4,韓 晶恵,対面授業（主として対面授業）,2023,['法/政治'],12561,detail?ttblyr=2023&entno=12561&lang=jp
3288,日吉,外国語科目必修英語（初級）,春,英語第Ⅰ,木5,平沢 慎也,対面授業（主として対面授業）,2023,['法/法律'],3518,detail?ttblyr=2023&entno=03518&lang=jp
3289,日吉,外国語科目必修英語（初級）,春,英語第Ⅰ,木5/水5,熊代 敏行,対面授業（主として対面授業）,2023,['法/法律'],18832,detail?ttblyr=2023&entno=18832&lang=jp
3290,日吉,外国語科目必修中国語（初級）,春,中国語第Ⅰ,木5,劉 渇氷,対面授業（主として対面授業）,2023,['法/法律'],6775,detail?ttblyr=2023&entno=06775&lang=jp
3291,日吉,外国語科目選択インテンシブスペイン語インテンシブ,春,スペイン語インテンシブ(1年)（法律選択）,木5,ヤマシロ， リタ Ｂ．,対面授業（主として対面授業）,2023,['法/法律'],32786,detail?ttblyr=2023&entno=32786&lang=jp
3292,日吉,外国語科目必修中国語（初級）,秋,中国語第Ⅱ,木5,劉 渇氷,対面授業（主として対面授業）,2023,['法/法律'],34941,detail?ttblyr=2023&entno=34941&lang=jp
3293,日吉,外国語科目選択ラテン語,春,ラテン語（初級）,火1,藤谷 道夫,対面授業（主として対面授業）,2023,['法/法律'],15321,detail?ttblyr=2023&entno=15321&lang=jp
3294,日吉,外国語科目選択ギリシャ語,春,ギリシャ語（初級）,火2,大塚 英樹,オンライン授業（主としてリアルタイム形式）,2023,['法/法律'],32660,detail?ttblyr=2023&entno=32660&lang=jp
3295,日吉,外国語科目必修英語（初級）,春,英語第Ⅱ−レベル２,火3/火4,熊代 文子,対面授業（主として対面授業）,2023,['法/法律'],4309,detail?ttblyr=2023&entno=04309&lang=jp
3296,日吉,外国語科目必修英語（初級）,春,英語第Ⅱ−レベル２,火3,中川 千帆,対面授業（主として対面授業）,2023,['法/法律'],12270,detail?ttblyr=2023&entno=12270&lang=jp
3297,日吉,外国語科目必修英語（中級）,春,英語第Ⅳ−レベル１,火3,マクドナルド， ピーター,対面授業（主として対面授業）,2023,['法/法律'],3690,detail?ttblyr=2023&entno=03690&lang=jp
3298,日吉,外国語科目必修英語（中級）,春,英語第Ⅳ−レベル１,火3/火4,古賀 裕章,対面授業（主として対面授業）,2023,['法/法律'],31735,detail?ttblyr=2023&entno=31735&lang=jp
3299,日吉,外国語科目必修英語（中級）,春,英語第Ⅳ−レベル２,火3,太田 昭子,対面授業（主として対面授業）,2023,['法/法律'],27685,detail?ttblyr=2023&entno=27685&lang=jp
3300,日吉,外国語科目必修ロシア語（中級）,春,ロシア語インテンシブ(1年)（法律必修）,火3,山田 徹也,対面授業（主として対面授業）,2023,['法/法律'],12155,detail?ttblyr=2023&entno=12155&lang=jp
3301,日吉,外国語科目選択ポルトガル語,春,ポルトガル語第Ⅰ,火3,牧野 真也,対面授業（主として対面授業）,2023,['法/法律'],4108,detail?ttblyr=2023&entno=04108&lang=jp
3302,日吉,外国語科目選択インテンシブドイツ語インテンシブ,春,ドイツ語インテンシブ（中級）（法律選択）,火3,吉田 真,対面授業（主として対面授業）,2023,['法/法律'],19088,detail?ttblyr=2023&entno=19088&lang=jp
3303,日吉,外国語科目必修スペイン語（初級）,春,スペイン語第Ⅰ,火3/火4/水2/水5,渡辺 裕木,対面授業（主として対面授業）,2023,['法/政治'],7566,detail?ttblyr=2023&entno=07566&lang=jp
3304,日吉,外国語科目必修中国語（中級）,春,中国語インテンシブ(1年)（政治必修）,火3,安田 淳,対面授業（主として対面授業）,2023,['法/政治'],25740,detail?ttblyr=2023&entno=25740&lang=jp
3305,日吉,外国語科目必修ロシア語（中級）,春,ロシア語インテンシブ(1年)（政治必修）,火3,山田 徹也,対面授業（主として対面授業）,2023,['法/政治'],11709,detail?ttblyr=2023&entno=11709&lang=jp
3306,日吉,外国語科目選択インテンシブドイツ語インテンシブ,春,ドイツ語インテンシブ（中級）（政治選択）,火3,吉田 真,対面授業（主として対面授業）,2023,['法/政治'],19073,detail?ttblyr=2023&entno=19073&lang=jp
3307,日吉,外国語科目必修スペイン語（初級）,秋,スペイン語第Ⅱ,火3/火4/水2/水5,渡辺 裕木,対面授業（主として対面授業）,2023,['法/政治'],7968,detail?ttblyr=2023&entno=07968&lang=jp
3308,日吉,外国語科目必修英語（初級）,春,英語第Ⅰ,火4,永嶋 友,対面授業（主として対面授業）,2023,['法/法律'],15148,detail?ttblyr=2023&entno=15148&lang=jp
3309,日吉,外国語科目必修英語（初級）,春,英語第Ⅱ−レベル２,火4/火5,内田 大貴,対面授業（主として対面授業）,2023,['法/法律'],14141,detail?ttblyr=2023&entno=14141&lang=jp
3310,日吉,外国語科目必修英語（中級）,春,英語インテンシブ(1年)（法律必修）,火4/水2/水4,ラーソン， マイケル Ｗ．,対面授業（主として対面授業）,2023,['法/法律'],10715,detail?ttblyr=2023&entno=10715&lang=jp
3311,日吉,外国語科目必修英語（中級）,春,英語第Ⅳ−レベル１,火4,太田 昭子,対面授業（主として対面授業）,2023,['法/法律'],15114,detail?ttblyr=2023&entno=15114&lang=jp
3312,日吉,外国語科目必修英語（中級）,春,英語第Ⅳ−レベル２,火4,マクドナルド， ピーター,対面授業（主として対面授業）,2023,['法/法律'],18263,detail?ttblyr=2023&entno=18263&lang=jp
3313,日吉,外国語科目必修ドイツ語（中級）,春,ドイツ語インテンシブ（初級）（法律必修）,火4,許 光俊,対面授業（主として対面授業）,2023,['法/法律'],4060,detail?ttblyr=2023&entno=04060&lang=jp
3314,日吉,外国語科目必修フランス語（中級）,春,フランス語インテンシブ(1年)（既習）（法律必修）,火4/水3,笠井 裕之,対面授業（主として対面授業）,2023,['法/法律'],6942,detail?ttblyr=2023&entno=06942&lang=jp
3315,日吉,外国語科目必修フランス語（中級）,春,フランス語インテンシブ(1年)（法律必修）,火4/水4,大出 敦,対面授業（主として対面授業）,2023,['法/法律'],20312,detail?ttblyr=2023&entno=20312&lang=jp
3316,日吉,外国語科目必修中国語（中級）,春,中国語インテンシブ(1年)（法律必修）,火4,林 秀光,対面授業（主として対面授業）,2023,['法/法律'],27044,detail?ttblyr=2023&entno=27044&lang=jp
3317,日吉,外国語科目必修英語（中級）,春,英語インテンシブ(1年)（政治必修）,火4/水2/水4,ラーソン， マイケル Ｗ．,対面授業（主として対面授業）,2023,['法/政治'],10720,detail?ttblyr=2023&entno=10720&lang=jp
3318,日吉,外国語科目必修ドイツ語（中級）,春,ドイツ語インテンシブ（初級）（政治必修）,火4,許 光俊,対面授業（主として対面授業）,2023,['法/政治'],7150,detail?ttblyr=2023&entno=07150&lang=jp
3319,日吉,外国語科目必修フランス語（中級）,春,フランス語インテンシブ(1年)（既習）（政治必修）,火4/水3,笠井 裕之,対面授業（主として対面授業）,2023,['法/政治'],25638,detail?ttblyr=2023&entno=25638&lang=jp
3320,日吉,外国語科目必修スペイン語（中級）,春,スペイン語インテンシブ(1年)（政治必修）,火4,浜田 和範,対面授業（主として対面授業）,2023,['法/政治'],11072,detail?ttblyr=2023&entno=11072&lang=jp
3321,日吉,外国語科目選択インテンシブ英語インテンシブ,春,英語インテンシブ(1年)（法律選択）,火5,星野 真志,対面授業（主として対面授業）,2023,['法/法律'],7346,detail?ttblyr=2023&entno=07346&lang=jp
3322,日吉,外国語科目必修フランス語（中級）,春,フランス語インテンシブ(1年)（政治必修）,火5/水5,村上 由美,対面授業（主として対面授業）,2023,['法/政治'],16548,detail?ttblyr=2023&entno=16548&lang=jp
3323,日吉,外国語科目必修中国語（中級）,春,中国語インテンシブ(1年)（政治必修）,火5,林 秀光,対面授業（主として対面授業）,2023,['法/政治'],27063,detail?ttblyr=2023&entno=27063&lang=jp
3324,日吉,外国語科目選択インテンシブ英語インテンシブ,春,英語インテンシブ(1年)（政治選択）,火5,星野 真志,対面授業（主として対面授業）,2023,['法/政治'],7331,detail?ttblyr=2023&entno=07331&lang=jp
3325,日吉,外国語科目必修英語（初級）,春,英語第Ⅱ−レベル２,水1/水2,加藤 彩雪,対面授業（主として対面授業）,2023,['法/法律'],12284,detail?ttblyr=2023&entno=12284&lang=jp
3326,日吉,外国語科目必修英語（初級）,春,英語第Ⅰ,水1/水2,篠原 俊吾,対面授業（主として対面授業）,2023,['法/政治'],17252,detail?ttblyr=2023&entno=17252&lang=jp
3327,日吉,外国語科目必修中国語（初級）,春,中国語第Ⅰ,水1,張 丹,対面授業（主として対面授業）,2023,['法/政治'],17377,detail?ttblyr=2023&entno=17377&lang=jp
3328,日吉,外国語科目必修中国語（初級）,春,中国語第Ⅰ,水1/水2,吉冨 拓人,対面授業（主として対面授業）,2023,['法/政治'],34937,detail?ttblyr=2023&entno=34937&lang=jp
3329,日吉,外国語科目選択インテンシブスペイン語インテンシブ,春,スペイン語インテンシブ(1年)（政治選択）,水1,政田 利奈,対面授業（主として対面授業）,2023,['法/政治'],32767,detail?ttblyr=2023&entno=32767&lang=jp
3330,日吉,外国語科目必修中国語（初級）,秋,中国語第Ⅱ,水1,張 丹,対面授業（主として対面授業）,2023,['法/政治'],17286,detail?ttblyr=2023&entno=17286&lang=jp
3331,日吉,外国語科目必修中国語（初級）,秋,中国語第Ⅱ,水1/水2,吉冨 拓人,対面授業（主として対面授業）,2023,['法/政治'],33801,detail?ttblyr=2023&entno=33801&lang=jp
3332,日吉,外国語科目必修英語（初級）,春,英語第Ⅰ,水2/水3,奥畑 豊,対面授業（主として対面授業）,2023,['法/法律'],16379,detail?ttblyr=2023&entno=16379&lang=jp
3333,日吉,外国語科目必修中国語（初級）,春,中国語第Ⅰ,水2/水3/水4,平井 徹,対面授業（主として対面授業）,2023,['法/政治'],34956,detail?ttblyr=2023&entno=34956&lang=jp
3334,日吉,外国語科目選択インテンシブフランス語インテンシブ,春,フランス語インテンシブ(1年)（政治選択）,水2,クレメール　小椋， アレクサンドラ Ｊ．,対面授業（主として対面授業）,2023,['法/政治'],17343,detail?ttblyr=2023&entno=17343&lang=jp
3335,日吉,外国語科目必修中国語（初級）,秋,中国語第Ⅱ,水2/水3/水4,平井 徹,対面授業（主として対面授業）,2023,['法/政治'],10004,detail?ttblyr=2023&entno=10004&lang=jp
3336,日吉,外国語科目必修英語（初級）,春,英語第Ⅱ−レベル２,水3/水4,十重田 和由,対面授業（主として対面授業）,2023,['法/法律'],15540,detail?ttblyr=2023&entno=15540&lang=jp
3337,日吉,外国語科目必修ロシア語（初級）,春,ロシア語第Ⅰ,水3,熊野谷 葉子,対面授業（主として対面授業）,2023,['法/法律'],4442,detail?ttblyr=2023&entno=04442&lang=jp
3338,日吉,外国語科目必修英語（中級）,春,外国語特殊（英語）,水3/水5,レイサイド， ジェームズ Ｍ．,対面授業（主として対面授業）,2023,['法/法律'],3628,detail?ttblyr=2023&entno=03628&lang=jp
3339,日吉,外国語科目必修ドイツ語（中級）,春,ドイツ語インテンシブ（中級）（法律必修）,水3,鎌倉 澄,対面授業（主として対面授業）,2023,['法/法律'],5525,detail?ttblyr=2023&entno=05525&lang=jp
3340,日吉,外国語科目必修スペイン語（中級）,春,スペイン語インテンシブ(1年)（法律必修）,水3,折井 善果,対面授業（主として対面授業）,2023,['法/法律'],5472,detail?ttblyr=2023&entno=05472&lang=jp
3341,日吉,外国語科目選択インテンシブ英語インテンシブ,春,英語インテンシブ(1年)（法律選択）,水3,大野 真澄,対面授業（主として対面授業）,2023,['法/法律'],15719,detail?ttblyr=2023&entno=15719&lang=jp
3342,日吉,外国語科目必修ロシア語（初級）,秋,ロシア語第Ⅱ,水3,熊野谷 葉子,対面授業（主として対面授業）,2023,['法/法律'],7843,detail?ttblyr=2023&entno=07843&lang=jp
3343,日吉,外国語科目必修英語（初級）,春,英語第Ⅰ,水3/水4,古賀 裕章,対面授業（主として対面授業）,2023,['法/政治'],3245,detail?ttblyr=2023&entno=03245&lang=jp
3344,日吉,外国語科目必修英語（初級）,春,英語第Ⅰ,水3,横山 千晶,対面授業（主として対面授業）,2023,['法/政治'],14338,detail?ttblyr=2023&entno=14338&lang=jp
3345,日吉,外国語科目必修英語（初級）,春,英語第Ⅰ,水3/水4,有光 道生,対面授業（主として対面授業）,2023,['法/政治'],19915,detail?ttblyr=2023&entno=19915&lang=jp
3346,日吉,外国語科目必修ドイツ語（中級）,春,ドイツ語インテンシブ（中級）（政治必修）,水3,鎌倉 澄,対面授業（主として対面授業）,2023,['法/政治'],5860,detail?ttblyr=2023&entno=05860&lang=jp
3347,日吉,外国語科目選択インテンシブ英語インテンシブ,春,英語インテンシブ(1年)（政治選択）,水3,大野 真澄,対面授業（主として対面授業）,2023,['法/政治'],15723,detail?ttblyr=2023&entno=15723&lang=jp
3348,日吉,外国語科目必修英語（初級）,春,英語第Ⅰ,水4,デル・ベッキオ， アンソニー,対面授業（主として対面授業）,2023,['法/法律'],15205,detail?ttblyr=2023&entno=15205&lang=jp
3349,日吉,外国語科目必修英語（初級）,春,英語第Ⅱ−レベル２,水4/水5,野村 佑子,対面授業（主として対面授業）,2023,['法/法律'],7293,detail?ttblyr=2023&entno=07293&lang=jp
3350,日吉,外国語科目必修英語（中級）,春,英語第Ⅳ−レベル１,水4,永嶋 友,対面授業（主として対面授業）,2023,['法/法律'],16326,detail?ttblyr=2023&entno=16326&lang=jp
3351,日吉,外国語科目必修英語（中級）,春,英語第Ⅳ−レベル２,水4,狩野 みき,対面授業（主として対面授業）,2023,['法/法律'],16500,detail?ttblyr=2023&entno=16500&lang=jp
3352,日吉,外国語科目必修英語（中級）,春,英語第Ⅳ−レベル２,水4,熊代 敏行,対面授業（主として対面授業）,2023,['法/法律'],29339,detail?ttblyr=2023&entno=29339&lang=jp
3353,日吉,外国語科目選択インテンシブドイツ語インテンシブ,春,ドイツ語インテンシブ（中級）（法律選択）,水4,鎌倉 澄,対面授業（主として対面授業）,2023,['法/法律'],13549,detail?ttblyr=2023&entno=13549&lang=jp
3354,日吉,外国語科目必修中国語（初級）,春,中国語第Ⅰ,水4/水5,許 家晟,対面授業（主として対面授業）,2023,['法/政治'],33137,detail?ttblyr=2023&entno=33137&lang=jp
3355,日吉,外国語科目必修スペイン語（中級）,春,スペイン語インテンシブ(1年)（政治必修）,水4,折井 善果,対面授業（主として対面授業）,2023,['法/政治'],32771,detail?ttblyr=2023&entno=32771&lang=jp
3356,日吉,外国語科目選択インテンシブドイツ語インテンシブ,春,ドイツ語インテンシブ（中級）（政治選択）,水4,鎌倉 澄,対面授業（主として対面授業）,2023,['法/政治'],13553,detail?ttblyr=2023&entno=13553&lang=jp
3357,日吉,外国語科目必修中国語（初級）,秋,中国語第Ⅱ,水4/水5,許 家晟,対面授業（主として対面授業）,2023,['法/政治'],9315,detail?ttblyr=2023&entno=09315&lang=jp
3358,日吉,外国語科目必修英語（中級）,春,英語第Ⅳ−レベル２,水5,星野 真志,対面授業（主として対面授業）,2023,['法/法律'],5927,detail?ttblyr=2023&entno=05927&lang=jp
3359,日吉,外国語科目必修朝鮮語（中級）,春,朝鮮語インテンシブ（1年）（法律必修）,水5,礒崎 敦仁,対面授業（主として対面授業）,2023,['法/法律'],11200,detail?ttblyr=2023&entno=11200&lang=jp
3360,日吉,外国語科目選択インテンシブ英語インテンシブ,春,英語インテンシブ(1年)（法律選択）,水5,佐藤 元状,対面授業（主として対面授業）,2023,['法/法律'],5310,detail?ttblyr=2023&entno=05310&lang=jp
3361,日吉,外国語科目必修朝鮮語（中級）,春,朝鮮語インテンシブ（1年）（政治必修）,水5,礒崎 敦仁,対面授業（主として対面授業）,2023,['法/政治'],10753,detail?ttblyr=2023&entno=10753&lang=jp
3362,日吉,外国語科目選択インテンシブ英語インテンシブ,春,英語インテンシブ(1年)（政治選択）,水5,佐藤 元状,対面授業（主として対面授業）,2023,['法/政治'],6149,detail?ttblyr=2023&entno=06149&lang=jp
